source file name , phase name , phase input files , phase output file , arch , tool, metric , unit
C:/Users/user/Desktop/Git/CUDA/vec_add.cu , cl.exe (preprocessing 4) , C:/Users/user/Desktop/Git/CUDA/vec_add.cu  , C:/Users/user/AppData/Local/Temp/tmpxft_000034a4_00000000-10_vec_add.cpp4.ii ,  , nvcc , 177.5489 , ms
C:/Users/user/Desktop/Git/CUDA/vec_add.cu , cudafe++ , C:/Users/user/AppData/Local/Temp/tmpxft_000034a4_00000000-10_vec_add.cpp4.ii  , C:/Users/user/AppData/Local/Temp/tmpxft_000034a4_00000000-11_vec_add.cudafe1.cpp , compute_86 , nvcc , 275.4625 , ms
C:/Users/user/Desktop/Git/CUDA/vec_add.cu , cl.exe (preprocessing 1) , C:/Users/user/Desktop/Git/CUDA/vec_add.cu  , C:/Users/user/AppData/Local/Temp/tmpxft_000034a4_00000000-16_vec_add.cpp1.ii , compute_86 , nvcc , 206.1741 , ms
C:/Users/user/Desktop/Git/CUDA/vec_add.cu , cicc ,  C:/Users/user/AppData/Local/Temp/tmpxft_000034a4_00000000-16_vec_add.cpp1.ii  , C:/Users/user/AppData/Local/Temp/tmpxft_000034a4_00000000-11_vec_add.ptx , compute_86 , nvcc , 329.9149 , ms
C:/Users/user/Desktop/Git/CUDA/vec_add.cu , ptxas , C:/Users/user/AppData/Local/Temp/tmpxft_000034a4_00000000-11_vec_add.ptx  , C:/Users/user/AppData/Local/Temp/tmpxft_000034a4_00000000-19_vec_add.cubin , sm_86 , nvcc , 33.8033 , ms
C:/Users/user/Desktop/Git/CUDA/vec_add.cu , fatbinary , C:/Users/user/AppData/Local/Temp/tmpxft_000034a4_00000000-19_vec_add.cubin  , C:/Users/user/AppData/Local/Temp/tmpxft_000034a4_00000000-8_vec_add.fatbin ,  , nvcc , 22.6166 , ms
C:/Users/user/Desktop/Git/CUDA/vec_add.cu , cl.exe (compiling) ,   , C:/Users/user/AppData/Local/Temp/tmpxft_000034a4_00000000-20_vec_add.obj , compute_86 , nvcc , 257.1367 , ms
C:/Users/user/Desktop/Git/CUDA/vec_add.cu  , nvlink , C:/Users/user/AppData/Local/Temp/tmpxft_000034a4_00000000-20_vec_add.obj  , C:/Users/user/AppData/Local/Temp/tmpxft_000034a4_00000000-23_vec_add_dlink.cubin , sm_86 , nvcc , 29.2999 , ms
C:/Users/user/Desktop/Git/CUDA/vec_add.cu  , fatbinary , C:/Users/user/AppData/Local/Temp/tmpxft_000034a4_00000000-23_vec_add_dlink.cubin  , C:/Users/user/AppData/Local/Temp/tmpxft_000034a4_00000000-13_vec_add_dlink.fatbin ,  , nvcc , 22.2579 , ms
C:/Users/user/Desktop/Git/CUDA/vec_add.cu  , cl.exe (compiling) , C:\Program Files\NVIDIA GPU Computing Toolkit\CUDA\v12.5\bin\crt\link.stub  , C:/Users/user/AppData/Local/Temp/tmpxft_000034a4_00000000-25_vec_add_dlink.obj ,  , nvcc , 74.0870 , ms
C:/Users/user/Desktop/Git/CUDA/vec_add.cu  , cl.exe (linking) , C:/Users/user/AppData/Local/Temp/tmpxft_000034a4_00000000-25_vec_add_dlink.obj C:/Users/user/AppData/Local/Temp/tmpxft_000034a4_00000000-20_vec_add.obj  , C:/Users/user/Desktop/Git/CUDA/build/vec_add.exe ,  , nvcc , 146.8548 , ms
 , nvcc (driver) ,  , C:/Users/user/Desktop/Git/CUDA/build/vec_add.exe ,  , nvcc , 8.1095 , ms
C:/Users/user/Desktop/Git/CUDA/vec_add.cu , cl.exe (preprocessing 4) , C:/Users/user/Desktop/Git/CUDA/vec_add.cu  , C:/Users/user/AppData/Local/Temp/tmpxft_00003b88_00000000-10_vec_add.cpp4.ii ,  , nvcc , 491.0457 , ms
C:/Users/user/Desktop/Git/CUDA/vec_add.cu , cudafe++ , C:/Users/user/AppData/Local/Temp/tmpxft_00003b88_00000000-10_vec_add.cpp4.ii  , C:/Users/user/AppData/Local/Temp/tmpxft_00003b88_00000000-11_vec_add.cudafe1.cpp , compute_86 , nvcc , 950.0404 , ms
C:/Users/user/Desktop/Git/CUDA/vec_add.cu , cl.exe (preprocessing 1) , C:/Users/user/Desktop/Git/CUDA/vec_add.cu  , C:/Users/user/AppData/Local/Temp/tmpxft_00003b88_00000000-16_vec_add.cpp1.ii , compute_86 , nvcc , 517.9638 , ms
C:/Users/user/Desktop/Git/CUDA/vec_add.cu , cicc ,  C:/Users/user/AppData/Local/Temp/tmpxft_00003b88_00000000-16_vec_add.cpp1.ii  , C:/Users/user/AppData/Local/Temp/tmpxft_00003b88_00000000-11_vec_add.ptx , compute_86 , nvcc , 790.9779 , ms
C:/Users/user/Desktop/Git/CUDA/vec_add.cu , ptxas , C:/Users/user/AppData/Local/Temp/tmpxft_00003b88_00000000-11_vec_add.ptx  , C:/Users/user/AppData/Local/Temp/tmpxft_00003b88_00000000-19_vec_add.cubin , sm_86 , nvcc , 62.6235 , ms
C:/Users/user/Desktop/Git/CUDA/vec_add.cu , fatbinary , C:/Users/user/AppData/Local/Temp/tmpxft_00003b88_00000000-19_vec_add.cubin  , C:/Users/user/AppData/Local/Temp/tmpxft_00003b88_00000000-8_vec_add.fatbin ,  , nvcc , 37.8377 , ms
C:/Users/user/Desktop/Git/CUDA/vec_add.cu , cl.exe (compiling) ,   , C:/Users/user/AppData/Local/Temp/tmpxft_00003b88_00000000-20_vec_add.obj , compute_86 , nvcc , 935.7054 , ms
C:/Users/user/Desktop/Git/CUDA/vec_add.cu  , nvlink , C:/Users/user/AppData/Local/Temp/tmpxft_00003b88_00000000-20_vec_add.obj  , C:/Users/user/AppData/Local/Temp/tmpxft_00003b88_00000000-23_vec_add_dlink.cubin , sm_86 , nvcc , 46.1100 , ms
C:/Users/user/Desktop/Git/CUDA/vec_add.cu  , fatbinary , C:/Users/user/AppData/Local/Temp/tmpxft_00003b88_00000000-23_vec_add_dlink.cubin  , C:/Users/user/AppData/Local/Temp/tmpxft_00003b88_00000000-13_vec_add_dlink.fatbin ,  , nvcc , 23.0653 , ms
C:/Users/user/Desktop/Git/CUDA/vec_add.cu  , cl.exe (compiling) , C:\Program Files\NVIDIA GPU Computing Toolkit\CUDA\v12.5\bin\crt\link.stub  , C:/Users/user/AppData/Local/Temp/tmpxft_00003b88_00000000-25_vec_add_dlink.obj ,  , nvcc , 76.1277 , ms
C:/Users/user/Desktop/Git/CUDA/vec_add.cu , cl.exe (preprocessing 4) , C:/Users/user/Desktop/Git/CUDA/vec_add.cu  , C:/Users/user/AppData/Local/Temp/tmpxft_00003d34_00000000-10_vec_add.cpp4.ii ,  , nvcc , 489.8612 , ms
C:/Users/user/Desktop/Git/CUDA/vec_add.cu , cudafe++ , C:/Users/user/AppData/Local/Temp/tmpxft_00003d34_00000000-10_vec_add.cpp4.ii  , C:/Users/user/AppData/Local/Temp/tmpxft_00003d34_00000000-11_vec_add.cudafe1.cpp , compute_86 , nvcc , 822.4579 , ms
C:/Users/user/Desktop/Git/CUDA/vec_add.cu , cl.exe (preprocessing 1) , C:/Users/user/Desktop/Git/CUDA/vec_add.cu  , C:/Users/user/AppData/Local/Temp/tmpxft_00003d34_00000000-16_vec_add.cpp1.ii , compute_86 , nvcc , 509.1478 , ms
C:/Users/user/Desktop/Git/CUDA/vec_add.cu , cicc ,  C:/Users/user/AppData/Local/Temp/tmpxft_00003d34_00000000-16_vec_add.cpp1.ii  , C:/Users/user/AppData/Local/Temp/tmpxft_00003d34_00000000-11_vec_add.ptx , compute_86 , nvcc , 717.4827 , ms
C:/Users/user/Desktop/Git/CUDA/vec_add.cu , ptxas , C:/Users/user/AppData/Local/Temp/tmpxft_00003d34_00000000-11_vec_add.ptx  , C:/Users/user/AppData/Local/Temp/tmpxft_00003d34_00000000-19_vec_add.cubin , sm_86 , nvcc , 35.4566 , ms
C:/Users/user/Desktop/Git/CUDA/vec_add.cu , fatbinary , C:/Users/user/AppData/Local/Temp/tmpxft_00003d34_00000000-19_vec_add.cubin  , C:/Users/user/AppData/Local/Temp/tmpxft_00003d34_00000000-8_vec_add.fatbin ,  , nvcc , 25.4556 , ms
C:/Users/user/Desktop/Git/CUDA/vec_add.cu , cl.exe (compiling) ,   , C:/Users/user/AppData/Local/Temp/tmpxft_00003d34_00000000-20_vec_add.obj , compute_86 , nvcc , 770.7071 , ms
C:/Users/user/Desktop/Git/CUDA/DS_timer.cpp , cl.exe (compiling) , C:/Users/user/Desktop/Git/CUDA/DS_timer.cpp  , C:/Users/user/AppData/Local/Temp/tmpxft_00003d34_00000000-23_DS_timer.obj ,  , nvcc , 782.0757 , ms
C:/Users/user/Desktop/Git/CUDA/vec_add.cu C:/Users/user/Desktop/Git/CUDA/DS_timer.cpp  , nvlink , C:/Users/user/AppData/Local/Temp/tmpxft_00003d34_00000000-20_vec_add.obj C:/Users/user/AppData/Local/Temp/tmpxft_00003d34_00000000-23_DS_timer.obj  , C:/Users/user/AppData/Local/Temp/tmpxft_00003d34_00000000-26_vec_add_dlink.cubin , sm_86 , nvcc , 32.3531 , ms
C:/Users/user/Desktop/Git/CUDA/vec_add.cu C:/Users/user/Desktop/Git/CUDA/DS_timer.cpp  , fatbinary , C:/Users/user/AppData/Local/Temp/tmpxft_00003d34_00000000-26_vec_add_dlink.cubin  , C:/Users/user/AppData/Local/Temp/tmpxft_00003d34_00000000-13_vec_add_dlink.fatbin ,  , nvcc , 22.5477 , ms
C:/Users/user/Desktop/Git/CUDA/vec_add.cu C:/Users/user/Desktop/Git/CUDA/DS_timer.cpp  , cl.exe (compiling) , C:\Program Files\NVIDIA GPU Computing Toolkit\CUDA\v12.5\bin\crt\link.stub  , C:/Users/user/AppData/Local/Temp/tmpxft_00003d34_00000000-28_vec_add_dlink.obj ,  , nvcc , 77.4797 , ms
C:/Users/user/Desktop/Git/CUDA/vec_add.cu C:/Users/user/Desktop/Git/CUDA/DS_timer.cpp  , cl.exe (linking) , C:/Users/user/AppData/Local/Temp/tmpxft_00003d34_00000000-28_vec_add_dlink.obj C:/Users/user/AppData/Local/Temp/tmpxft_00003d34_00000000-20_vec_add.obj C:/Users/user/AppData/Local/Temp/tmpxft_00003d34_00000000-23_DS_timer.obj  , C:/Users/user/Desktop/Git/CUDA/build/vec_add.exe ,  , nvcc , 187.6537 , ms
 , nvcc (driver) ,  , C:/Users/user/Desktop/Git/CUDA/build/vec_add.exe ,  , nvcc , 7.8599 , ms
C:/Users/user/Desktop/Git/CUDA/Vector/vec_add.cu , cl.exe (preprocessing 4) , C:/Users/user/Desktop/Git/CUDA/Vector/vec_add.cu  , C:/Users/user/AppData/Local/Temp/tmpxft_000028ec_00000000-10_vec_add.cpp4.ii ,  , nvcc , 503.7641 , ms
C:/Users/user/Desktop/Git/CUDA/Vector/vec_add.cu , cudafe++ , C:/Users/user/AppData/Local/Temp/tmpxft_000028ec_00000000-10_vec_add.cpp4.ii  , C:/Users/user/AppData/Local/Temp/tmpxft_000028ec_00000000-11_vec_add.cudafe1.cpp , compute_86 , nvcc , 854.8080 , ms
C:/Users/user/Desktop/Git/CUDA/Vector/vec_add.cu , cl.exe (preprocessing 1) , C:/Users/user/Desktop/Git/CUDA/Vector/vec_add.cu  , C:/Users/user/AppData/Local/Temp/tmpxft_000028ec_00000000-16_vec_add.cpp1.ii , compute_86 , nvcc , 521.5210 , ms
C:/Users/user/Desktop/Git/CUDA/Vector/vec_add.cu , cicc ,  C:/Users/user/AppData/Local/Temp/tmpxft_000028ec_00000000-16_vec_add.cpp1.ii  , C:/Users/user/AppData/Local/Temp/tmpxft_000028ec_00000000-11_vec_add.ptx , compute_86 , nvcc , 691.1213 , ms
C:/Users/user/Desktop/Git/CUDA/Vector/vec_add.cu , ptxas , C:/Users/user/AppData/Local/Temp/tmpxft_000028ec_00000000-11_vec_add.ptx  , C:/Users/user/AppData/Local/Temp/tmpxft_000028ec_00000000-19_vec_add.cubin , sm_86 , nvcc , 35.5466 , ms
C:/Users/user/Desktop/Git/CUDA/Vector/vec_add.cu , fatbinary , C:/Users/user/AppData/Local/Temp/tmpxft_000028ec_00000000-19_vec_add.cubin  , C:/Users/user/AppData/Local/Temp/tmpxft_000028ec_00000000-8_vec_add.fatbin ,  , nvcc , 23.4333 , ms
C:/Users/user/Desktop/Git/CUDA/Vector/vec_add.cu , cl.exe (compiling) ,   , C:/Users/user/AppData/Local/Temp/tmpxft_000028ec_00000000-20_vec_add.obj , compute_86 , nvcc , 769.3246 , ms
C:/Users/user/Desktop/Git/CUDA/Vector/DS_timer.cpp , cl.exe (compiling) , C:/Users/user/Desktop/Git/CUDA/Vector/DS_timer.cpp  , C:/Users/user/AppData/Local/Temp/tmpxft_000028ec_00000000-23_DS_timer.obj ,  , nvcc , 741.3228 , ms
C:/Users/user/Desktop/Git/CUDA/Vector/vec_add.cu C:/Users/user/Desktop/Git/CUDA/Vector/DS_timer.cpp  , nvlink , C:/Users/user/AppData/Local/Temp/tmpxft_000028ec_00000000-20_vec_add.obj C:/Users/user/AppData/Local/Temp/tmpxft_000028ec_00000000-23_DS_timer.obj  , C:/Users/user/AppData/Local/Temp/tmpxft_000028ec_00000000-26_vec_add_dlink.cubin , sm_86 , nvcc , 31.7010 , ms
C:/Users/user/Desktop/Git/CUDA/Vector/vec_add.cu C:/Users/user/Desktop/Git/CUDA/Vector/DS_timer.cpp  , fatbinary , C:/Users/user/AppData/Local/Temp/tmpxft_000028ec_00000000-26_vec_add_dlink.cubin  , C:/Users/user/AppData/Local/Temp/tmpxft_000028ec_00000000-13_vec_add_dlink.fatbin ,  , nvcc , 22.3198 , ms
C:/Users/user/Desktop/Git/CUDA/Vector/vec_add.cu C:/Users/user/Desktop/Git/CUDA/Vector/DS_timer.cpp  , cl.exe (compiling) , C:\Program Files\NVIDIA GPU Computing Toolkit\CUDA\v12.5\bin\crt\link.stub  , C:/Users/user/AppData/Local/Temp/tmpxft_000028ec_00000000-28_vec_add_dlink.obj ,  , nvcc , 73.5900 , ms
C:/Users/user/Desktop/Git/CUDA/Vector/vec_add.cu C:/Users/user/Desktop/Git/CUDA/Vector/DS_timer.cpp  , cl.exe (linking) , C:/Users/user/AppData/Local/Temp/tmpxft_000028ec_00000000-28_vec_add_dlink.obj C:/Users/user/AppData/Local/Temp/tmpxft_000028ec_00000000-20_vec_add.obj C:/Users/user/AppData/Local/Temp/tmpxft_000028ec_00000000-23_DS_timer.obj  , C:/Users/user/Desktop/Git/CUDA/build/vec_add.exe ,  , nvcc , 187.2806 , ms
 , nvcc (driver) ,  , C:/Users/user/Desktop/Git/CUDA/build/vec_add.exe ,  , nvcc , 7.6826 , ms
C:/Users/user/Desktop/Git/CUDA/temp.cu , cl.exe (preprocessing 4) , C:/Users/user/Desktop/Git/CUDA/temp.cu  , C:/Users/user/AppData/Local/Temp/tmpxft_00004710_00000000-10_temp.cpp4.ii ,  , nvcc , 267.0761 , ms
C:/Users/user/Desktop/Git/CUDA/temp.cu , cudafe++ , C:/Users/user/AppData/Local/Temp/tmpxft_00004710_00000000-10_temp.cpp4.ii  , C:/Users/user/AppData/Local/Temp/tmpxft_00004710_00000000-11_temp.cudafe1.cpp , compute_86 , nvcc , 688.7345 , ms
C:/Users/user/Desktop/Git/CUDA/temp.cu , cl.exe (preprocessing 1) , C:/Users/user/Desktop/Git/CUDA/temp.cu  , C:/Users/user/AppData/Local/Temp/tmpxft_00004710_00000000-16_temp.cpp1.ii , compute_86 , nvcc , 290.3061 , ms
C:/Users/user/Desktop/Git/CUDA/temp.cu , cicc ,  C:/Users/user/AppData/Local/Temp/tmpxft_00004710_00000000-16_temp.cpp1.ii  , C:/Users/user/AppData/Local/Temp/tmpxft_00004710_00000000-11_temp.ptx , compute_86 , nvcc , 621.4114 , ms
C:/Users/user/Desktop/Git/CUDA/temp.cu , ptxas , C:/Users/user/AppData/Local/Temp/tmpxft_00004710_00000000-11_temp.ptx  , C:/Users/user/AppData/Local/Temp/tmpxft_00004710_00000000-19_temp.cubin , sm_86 , nvcc , 42.1122 , ms
C:/Users/user/Desktop/Git/CUDA/temp.cu , fatbinary , C:/Users/user/AppData/Local/Temp/tmpxft_00004710_00000000-19_temp.cubin  , C:/Users/user/AppData/Local/Temp/tmpxft_00004710_00000000-8_temp.fatbin ,  , nvcc , 34.3523 , ms
C:/Users/user/Desktop/Git/CUDA/temp.cu , cl.exe (compiling) ,   , C:/Users/user/AppData/Local/Temp/tmpxft_00004710_00000000-20_temp.obj , compute_86 , nvcc , 559.3500 , ms
C:/Users/user/Desktop/Git/CUDA/common/DS_timer.cpp , cl.exe (compiling) , C:/Users/user/Desktop/Git/CUDA/common/DS_timer.cpp  , C:/Users/user/AppData/Local/Temp/tmpxft_00004710_00000000-23_DS_timer.obj ,  , nvcc , 806.1152 , ms
C:/Users/user/Desktop/Git/CUDA/temp.cu C:/Users/user/Desktop/Git/CUDA/common/DS_timer.cpp  , nvlink , C:/Users/user/AppData/Local/Temp/tmpxft_00004710_00000000-20_temp.obj C:/Users/user/AppData/Local/Temp/tmpxft_00004710_00000000-23_DS_timer.obj  , C:/Users/user/AppData/Local/Temp/tmpxft_00004710_00000000-26_temp_dlink.cubin , sm_86 , nvcc , 35.0917 , ms
C:/Users/user/Desktop/Git/CUDA/temp.cu C:/Users/user/Desktop/Git/CUDA/common/DS_timer.cpp  , fatbinary , C:/Users/user/AppData/Local/Temp/tmpxft_00004710_00000000-26_temp_dlink.cubin  , C:/Users/user/AppData/Local/Temp/tmpxft_00004710_00000000-13_temp_dlink.fatbin ,  , nvcc , 24.6249 , ms
C:/Users/user/Desktop/Git/CUDA/temp.cu C:/Users/user/Desktop/Git/CUDA/common/DS_timer.cpp  , cl.exe (compiling) , C:\Program Files\NVIDIA GPU Computing Toolkit\CUDA\v12.5\bin\crt\link.stub  , C:/Users/user/AppData/Local/Temp/tmpxft_00004710_00000000-28_temp_dlink.obj ,  , nvcc , 78.0426 , ms
C:/Users/user/Desktop/Git/CUDA/temp.cu C:/Users/user/Desktop/Git/CUDA/common/DS_timer.cpp  , cl.exe (linking) , C:/Users/user/AppData/Local/Temp/tmpxft_00004710_00000000-28_temp_dlink.obj C:/Users/user/AppData/Local/Temp/tmpxft_00004710_00000000-20_temp.obj C:/Users/user/AppData/Local/Temp/tmpxft_00004710_00000000-23_DS_timer.obj  , C:/Users/user/Desktop/Git/CUDA/build/temp.exe ,  , nvcc , 304.1608 , ms
 , nvcc (driver) ,  , C:/Users/user/Desktop/Git/CUDA/build/temp.exe ,  , nvcc , 7.4482 , ms
C:/Users/user/Desktop/Git/CUDA/Vector/vec_mul.cu , cl.exe (preprocessing 4) , C:/Users/user/Desktop/Git/CUDA/Vector/vec_mul.cu  , C:/Users/user/AppData/Local/Temp/tmpxft_00003328_00000000-10_vec_mul.cpp4.ii ,  , nvcc , 525.9846 , ms
C:/Users/user/Desktop/Git/CUDA/Vector/vec_mul.cu , cl.exe (preprocessing 4) , C:/Users/user/Desktop/Git/CUDA/Vector/vec_mul.cu  , C:/Users/user/AppData/Local/Temp/tmpxft_00005af8_00000000-10_vec_mul.cpp4.ii ,  , nvcc , 516.4004 , ms
C:/Users/user/Desktop/Git/CUDA/Vector/vec_mul.cu , cudafe++ , C:/Users/user/AppData/Local/Temp/tmpxft_00005af8_00000000-10_vec_mul.cpp4.ii  , C:/Users/user/AppData/Local/Temp/tmpxft_00005af8_00000000-11_vec_mul.cudafe1.cpp , compute_86 , nvcc , 832.7717 , ms
C:/Users/user/Desktop/Git/CUDA/Vector/vec_mul.cu , cl.exe (preprocessing 1) , C:/Users/user/Desktop/Git/CUDA/Vector/vec_mul.cu  , C:/Users/user/AppData/Local/Temp/tmpxft_00005af8_00000000-16_vec_mul.cpp1.ii , compute_86 , nvcc , 527.7949 , ms
C:/Users/user/Desktop/Git/CUDA/Vector/vec_mul.cu , cicc ,  C:/Users/user/AppData/Local/Temp/tmpxft_00005af8_00000000-16_vec_mul.cpp1.ii  , C:/Users/user/AppData/Local/Temp/tmpxft_00005af8_00000000-11_vec_mul.ptx , compute_86 , nvcc , 774.6011 , ms
C:/Users/user/Desktop/Git/CUDA/Vector/vec_mul.cu , ptxas , C:/Users/user/AppData/Local/Temp/tmpxft_00005af8_00000000-11_vec_mul.ptx  , C:/Users/user/AppData/Local/Temp/tmpxft_00005af8_00000000-19_vec_mul.cubin , sm_86 , nvcc , 64.8369 , ms
C:/Users/user/Desktop/Git/CUDA/Vector/vec_mul.cu , fatbinary , C:/Users/user/AppData/Local/Temp/tmpxft_00005af8_00000000-19_vec_mul.cubin  , C:/Users/user/AppData/Local/Temp/tmpxft_00005af8_00000000-8_vec_mul.fatbin ,  , nvcc , 36.2308 , ms
C:/Users/user/Desktop/Git/CUDA/Vector/vec_mul.cu , cl.exe (compiling) ,   , C:/Users/user/AppData/Local/Temp/tmpxft_00005af8_00000000-20_vec_mul.obj , compute_86 , nvcc , 864.4673 , ms
C:/Users/user/Desktop/Git/CUDA/common/DS_timer.cpp , cl.exe (compiling) , C:/Users/user/Desktop/Git/CUDA/common/DS_timer.cpp  , C:/Users/user/AppData/Local/Temp/tmpxft_00005af8_00000000-23_DS_timer.obj ,  , nvcc , 808.3143 , ms
C:/Users/user/Desktop/Git/CUDA/Vector/vec_mul.cu C:/Users/user/Desktop/Git/CUDA/common/DS_timer.cpp  , nvlink , C:/Users/user/AppData/Local/Temp/tmpxft_00005af8_00000000-20_vec_mul.obj C:/Users/user/AppData/Local/Temp/tmpxft_00005af8_00000000-23_DS_timer.obj  , C:/Users/user/AppData/Local/Temp/tmpxft_00005af8_00000000-26_vec_mul_dlink.cubin , sm_86 , nvcc , 52.9261 , ms
C:/Users/user/Desktop/Git/CUDA/Vector/vec_mul.cu C:/Users/user/Desktop/Git/CUDA/common/DS_timer.cpp  , fatbinary , C:/Users/user/AppData/Local/Temp/tmpxft_00005af8_00000000-26_vec_mul_dlink.cubin  , C:/Users/user/AppData/Local/Temp/tmpxft_00005af8_00000000-13_vec_mul_dlink.fatbin ,  , nvcc , 23.0262 , ms
C:/Users/user/Desktop/Git/CUDA/Vector/vec_mul.cu C:/Users/user/Desktop/Git/CUDA/common/DS_timer.cpp  , cl.exe (compiling) , C:\Program Files\NVIDIA GPU Computing Toolkit\CUDA\v12.5\bin\crt\link.stub  , C:/Users/user/AppData/Local/Temp/tmpxft_00005af8_00000000-28_vec_mul_dlink.obj ,  , nvcc , 78.3131 , ms
C:/Users/user/Desktop/Git/CUDA/Vector/vec_mul.cu C:/Users/user/Desktop/Git/CUDA/common/DS_timer.cpp  , cl.exe (linking) , C:/Users/user/AppData/Local/Temp/tmpxft_00005af8_00000000-28_vec_mul_dlink.obj C:/Users/user/AppData/Local/Temp/tmpxft_00005af8_00000000-20_vec_mul.obj C:/Users/user/AppData/Local/Temp/tmpxft_00005af8_00000000-23_DS_timer.obj  , C:/Users/user/Desktop/Git/CUDA/build/vec_mul.exe ,  , nvcc , 247.3423 , ms
 , nvcc (driver) ,  , C:/Users/user/Desktop/Git/CUDA/build/vec_mul.exe ,  , nvcc , 7.6616 , ms
C:/Users/user/Desktop/Git/CUDA/Vector/vec_mul.cu , cl.exe (preprocessing 4) , C:/Users/user/Desktop/Git/CUDA/Vector/vec_mul.cu  , C:/Users/user/AppData/Local/Temp/tmpxft_000042fc_00000000-10_vec_mul.cpp4.ii ,  , nvcc , 501.0117 , ms
C:/Users/user/Desktop/Git/CUDA/Vector/vec_mul.cu , cudafe++ , C:/Users/user/AppData/Local/Temp/tmpxft_000042fc_00000000-10_vec_mul.cpp4.ii  , C:/Users/user/AppData/Local/Temp/tmpxft_000042fc_00000000-11_vec_mul.cudafe1.cpp , compute_86 , nvcc , 874.1019 , ms
C:/Users/user/Desktop/Git/CUDA/Vector/vec_mul.cu , cl.exe (preprocessing 1) , C:/Users/user/Desktop/Git/CUDA/Vector/vec_mul.cu  , C:/Users/user/AppData/Local/Temp/tmpxft_000042fc_00000000-16_vec_mul.cpp1.ii , compute_86 , nvcc , 527.1394 , ms
C:/Users/user/Desktop/Git/CUDA/Vector/vec_mul.cu , cicc ,  C:/Users/user/AppData/Local/Temp/tmpxft_000042fc_00000000-16_vec_mul.cpp1.ii  , C:/Users/user/AppData/Local/Temp/tmpxft_000042fc_00000000-11_vec_mul.ptx , compute_86 , nvcc , 775.1610 , ms
C:/Users/user/Desktop/Git/CUDA/Vector/vec_mul.cu , ptxas , C:/Users/user/AppData/Local/Temp/tmpxft_000042fc_00000000-11_vec_mul.ptx  , C:/Users/user/AppData/Local/Temp/tmpxft_000042fc_00000000-19_vec_mul.cubin , sm_86 , nvcc , 38.5093 , ms
C:/Users/user/Desktop/Git/CUDA/Vector/vec_mul.cu , fatbinary , C:/Users/user/AppData/Local/Temp/tmpxft_000042fc_00000000-19_vec_mul.cubin  , C:/Users/user/AppData/Local/Temp/tmpxft_000042fc_00000000-8_vec_mul.fatbin ,  , nvcc , 25.4594 , ms
C:/Users/user/Desktop/Git/CUDA/Vector/vec_mul.cu , cl.exe (compiling) ,   , C:/Users/user/AppData/Local/Temp/tmpxft_000042fc_00000000-20_vec_mul.obj , compute_86 , nvcc , 755.9864 , ms
C:/Users/user/Desktop/Git/CUDA/common/DS_timer.cpp , cl.exe (compiling) , C:/Users/user/Desktop/Git/CUDA/common/DS_timer.cpp  , C:/Users/user/AppData/Local/Temp/tmpxft_000042fc_00000000-23_DS_timer.obj ,  , nvcc , 820.3152 , ms
C:/Users/user/Desktop/Git/CUDA/Vector/vec_mul.cu C:/Users/user/Desktop/Git/CUDA/common/DS_timer.cpp  , nvlink , C:/Users/user/AppData/Local/Temp/tmpxft_000042fc_00000000-20_vec_mul.obj C:/Users/user/AppData/Local/Temp/tmpxft_000042fc_00000000-23_DS_timer.obj  , C:/Users/user/AppData/Local/Temp/tmpxft_000042fc_00000000-26_vec_mul_dlink.cubin , sm_86 , nvcc , 34.6531 , ms
C:/Users/user/Desktop/Git/CUDA/Vector/vec_mul.cu C:/Users/user/Desktop/Git/CUDA/common/DS_timer.cpp  , fatbinary , C:/Users/user/AppData/Local/Temp/tmpxft_000042fc_00000000-26_vec_mul_dlink.cubin  , C:/Users/user/AppData/Local/Temp/tmpxft_000042fc_00000000-13_vec_mul_dlink.fatbin ,  , nvcc , 22.7287 , ms
C:/Users/user/Desktop/Git/CUDA/Vector/vec_mul.cu C:/Users/user/Desktop/Git/CUDA/common/DS_timer.cpp  , cl.exe (compiling) , C:\Program Files\NVIDIA GPU Computing Toolkit\CUDA\v12.5\bin\crt\link.stub  , C:/Users/user/AppData/Local/Temp/tmpxft_000042fc_00000000-28_vec_mul_dlink.obj ,  , nvcc , 74.7049 , ms
C:/Users/user/Desktop/Git/CUDA/Vector/vec_mul.cu C:/Users/user/Desktop/Git/CUDA/common/DS_timer.cpp  , cl.exe (linking) , C:/Users/user/AppData/Local/Temp/tmpxft_000042fc_00000000-28_vec_mul_dlink.obj C:/Users/user/AppData/Local/Temp/tmpxft_000042fc_00000000-20_vec_mul.obj C:/Users/user/AppData/Local/Temp/tmpxft_000042fc_00000000-23_DS_timer.obj  , C:/Users/user/Desktop/Git/CUDA/build/vec_mul.exe ,  , nvcc , 144.4338 , ms
 , nvcc (driver) ,  , C:/Users/user/Desktop/Git/CUDA/build/vec_mul.exe ,  , nvcc , 8.3960 , ms
C:/Users/user/Desktop/Git/CUDA/Vector/vec_mul.cu , cl.exe (preprocessing 4) , C:/Users/user/Desktop/Git/CUDA/Vector/vec_mul.cu  , C:/Users/user/AppData/Local/Temp/tmpxft_00005530_00000000-10_vec_mul.cpp4.ii ,  , nvcc , 503.5343 , ms
C:/Users/user/Desktop/Git/CUDA/Vector/vec_mul.cu , cudafe++ , C:/Users/user/AppData/Local/Temp/tmpxft_00005530_00000000-10_vec_mul.cpp4.ii  , C:/Users/user/AppData/Local/Temp/tmpxft_00005530_00000000-11_vec_mul.cudafe1.cpp , compute_86 , nvcc , 796.5534 , ms
C:/Users/user/Desktop/Git/CUDA/Vector/vec_mul.cu , cl.exe (preprocessing 1) , C:/Users/user/Desktop/Git/CUDA/Vector/vec_mul.cu  , C:/Users/user/AppData/Local/Temp/tmpxft_00005530_00000000-16_vec_mul.cpp1.ii , compute_86 , nvcc , 508.9103 , ms
C:/Users/user/Desktop/Git/CUDA/Vector/vec_mul.cu , cicc ,  C:/Users/user/AppData/Local/Temp/tmpxft_00005530_00000000-16_vec_mul.cpp1.ii  , C:/Users/user/AppData/Local/Temp/tmpxft_00005530_00000000-11_vec_mul.ptx , compute_86 , nvcc , 862.3899 , ms
C:/Users/user/Desktop/Git/CUDA/Vector/vec_mul.cu , ptxas , C:/Users/user/AppData/Local/Temp/tmpxft_00005530_00000000-11_vec_mul.ptx  , C:/Users/user/AppData/Local/Temp/tmpxft_00005530_00000000-19_vec_mul.cubin , sm_86 , nvcc , 51.4775 , ms
C:/Users/user/Desktop/Git/CUDA/Vector/vec_mul.cu , fatbinary , C:/Users/user/AppData/Local/Temp/tmpxft_00005530_00000000-19_vec_mul.cubin  , C:/Users/user/AppData/Local/Temp/tmpxft_00005530_00000000-8_vec_mul.fatbin ,  , nvcc , 25.5399 , ms
C:/Users/user/Desktop/Git/CUDA/Vector/vec_mul.cu , cl.exe (compiling) ,   , C:/Users/user/AppData/Local/Temp/tmpxft_00005530_00000000-20_vec_mul.obj , compute_86 , nvcc , 725.9681 , ms
C:/Users/user/Desktop/Git/CUDA/common/DS_timer.cpp , cl.exe (compiling) , C:/Users/user/Desktop/Git/CUDA/common/DS_timer.cpp  , C:/Users/user/AppData/Local/Temp/tmpxft_00005530_00000000-23_DS_timer.obj ,  , nvcc , 815.7429 , ms
C:/Users/user/Desktop/Git/CUDA/Vector/vec_mul.cu C:/Users/user/Desktop/Git/CUDA/common/DS_timer.cpp  , nvlink , C:/Users/user/AppData/Local/Temp/tmpxft_00005530_00000000-20_vec_mul.obj C:/Users/user/AppData/Local/Temp/tmpxft_00005530_00000000-23_DS_timer.obj  , C:/Users/user/AppData/Local/Temp/tmpxft_00005530_00000000-26_vec_mul_dlink.cubin , sm_86 , nvcc , 37.2791 , ms
C:/Users/user/Desktop/Git/CUDA/Vector/vec_mul.cu C:/Users/user/Desktop/Git/CUDA/common/DS_timer.cpp  , fatbinary , C:/Users/user/AppData/Local/Temp/tmpxft_00005530_00000000-26_vec_mul_dlink.cubin  , C:/Users/user/AppData/Local/Temp/tmpxft_00005530_00000000-13_vec_mul_dlink.fatbin ,  , nvcc , 23.0219 , ms
C:/Users/user/Desktop/Git/CUDA/Vector/vec_mul.cu C:/Users/user/Desktop/Git/CUDA/common/DS_timer.cpp  , cl.exe (compiling) , C:\Program Files\NVIDIA GPU Computing Toolkit\CUDA\v12.5\bin\crt\link.stub  , C:/Users/user/AppData/Local/Temp/tmpxft_00005530_00000000-28_vec_mul_dlink.obj ,  , nvcc , 77.8912 , ms
C:/Users/user/Desktop/Git/CUDA/Vector/vec_mul.cu C:/Users/user/Desktop/Git/CUDA/common/DS_timer.cpp  , cl.exe (linking) , C:/Users/user/AppData/Local/Temp/tmpxft_00005530_00000000-28_vec_mul_dlink.obj C:/Users/user/AppData/Local/Temp/tmpxft_00005530_00000000-20_vec_mul.obj C:/Users/user/AppData/Local/Temp/tmpxft_00005530_00000000-23_DS_timer.obj  , C:/Users/user/Desktop/Git/CUDA/build/vec_mul.exe ,  , nvcc , 154.5091 , ms
 , nvcc (driver) ,  , C:/Users/user/Desktop/Git/CUDA/build/vec_mul.exe ,  , nvcc , 8.3130 , ms
C:/Users/user/Desktop/Git/CUDA/Vector/vec_mul.cu , cl.exe (preprocessing 4) , C:/Users/user/Desktop/Git/CUDA/Vector/vec_mul.cu  , C:/Users/user/AppData/Local/Temp/tmpxft_00001cc4_00000000-10_vec_mul.cpp4.ii ,  , nvcc , 540.2088 , ms
C:/Users/user/Desktop/Git/CUDA/Vector/vec_mul.cu , cl.exe (preprocessing 4) , C:/Users/user/Desktop/Git/CUDA/Vector/vec_mul.cu  , C:/Users/user/AppData/Local/Temp/tmpxft_00004cb0_00000000-10_vec_mul.cpp4.ii ,  , nvcc , 488.4811 , ms
C:/Users/user/Desktop/Git/CUDA/Vector/vec_mul.cu , cudafe++ , C:/Users/user/AppData/Local/Temp/tmpxft_00004cb0_00000000-10_vec_mul.cpp4.ii  , C:/Users/user/AppData/Local/Temp/tmpxft_00004cb0_00000000-11_vec_mul.cudafe1.cpp , compute_86 , nvcc , 818.0871 , ms
C:/Users/user/Desktop/Git/CUDA/Vector/vec_mul.cu , cl.exe (preprocessing 1) , C:/Users/user/Desktop/Git/CUDA/Vector/vec_mul.cu  , C:/Users/user/AppData/Local/Temp/tmpxft_00004cb0_00000000-16_vec_mul.cpp1.ii , compute_86 , nvcc , 580.6867 , ms
C:/Users/user/Desktop/Git/CUDA/Vector/vec_mul.cu , cicc ,  C:/Users/user/AppData/Local/Temp/tmpxft_00004cb0_00000000-16_vec_mul.cpp1.ii  , C:/Users/user/AppData/Local/Temp/tmpxft_00004cb0_00000000-11_vec_mul.ptx , compute_86 , nvcc , 768.2205 , ms
C:/Users/user/Desktop/Git/CUDA/Vector/vec_mul.cu , ptxas , C:/Users/user/AppData/Local/Temp/tmpxft_00004cb0_00000000-11_vec_mul.ptx  , C:/Users/user/AppData/Local/Temp/tmpxft_00004cb0_00000000-19_vec_mul.cubin , sm_86 , nvcc , 44.3343 , ms
C:/Users/user/Desktop/Git/CUDA/Vector/vec_mul.cu , fatbinary , C:/Users/user/AppData/Local/Temp/tmpxft_00004cb0_00000000-19_vec_mul.cubin  , C:/Users/user/AppData/Local/Temp/tmpxft_00004cb0_00000000-8_vec_mul.fatbin ,  , nvcc , 25.2282 , ms
C:/Users/user/Desktop/Git/CUDA/Vector/vec_mul.cu , cl.exe (compiling) ,   , C:/Users/user/AppData/Local/Temp/tmpxft_00004cb0_00000000-20_vec_mul.obj , compute_86 , nvcc , 746.7643 , ms
C:/Users/user/Desktop/Git/CUDA/common/DS_timer.cpp , cl.exe (compiling) , C:/Users/user/Desktop/Git/CUDA/common/DS_timer.cpp  , C:/Users/user/AppData/Local/Temp/tmpxft_00004cb0_00000000-23_DS_timer.obj ,  , nvcc , 792.9814 , ms
C:/Users/user/Desktop/Git/CUDA/Vector/vec_mul.cu C:/Users/user/Desktop/Git/CUDA/common/DS_timer.cpp  , nvlink , C:/Users/user/AppData/Local/Temp/tmpxft_00004cb0_00000000-20_vec_mul.obj C:/Users/user/AppData/Local/Temp/tmpxft_00004cb0_00000000-23_DS_timer.obj  , C:/Users/user/AppData/Local/Temp/tmpxft_00004cb0_00000000-26_vec_mul_dlink.cubin , sm_86 , nvcc , 33.4263 , ms
C:/Users/user/Desktop/Git/CUDA/Vector/vec_mul.cu C:/Users/user/Desktop/Git/CUDA/common/DS_timer.cpp  , fatbinary , C:/Users/user/AppData/Local/Temp/tmpxft_00004cb0_00000000-26_vec_mul_dlink.cubin  , C:/Users/user/AppData/Local/Temp/tmpxft_00004cb0_00000000-13_vec_mul_dlink.fatbin ,  , nvcc , 23.0291 , ms
C:/Users/user/Desktop/Git/CUDA/Vector/vec_mul.cu C:/Users/user/Desktop/Git/CUDA/common/DS_timer.cpp  , cl.exe (compiling) , C:\Program Files\NVIDIA GPU Computing Toolkit\CUDA\v12.5\bin\crt\link.stub  , C:/Users/user/AppData/Local/Temp/tmpxft_00004cb0_00000000-28_vec_mul_dlink.obj ,  , nvcc , 74.9665 , ms
C:/Users/user/Desktop/Git/CUDA/Vector/vec_mul.cu C:/Users/user/Desktop/Git/CUDA/common/DS_timer.cpp  , cl.exe (linking) , C:/Users/user/AppData/Local/Temp/tmpxft_00004cb0_00000000-28_vec_mul_dlink.obj C:/Users/user/AppData/Local/Temp/tmpxft_00004cb0_00000000-20_vec_mul.obj C:/Users/user/AppData/Local/Temp/tmpxft_00004cb0_00000000-23_DS_timer.obj  , C:/Users/user/Desktop/Git/CUDA/build/vec_mul.exe ,  , nvcc , 144.0288 , ms
 , nvcc (driver) ,  , C:/Users/user/Desktop/Git/CUDA/build/vec_mul.exe ,  , nvcc , 8.2261 , ms
C:/Users/user/Desktop/Git/CUDA/Vector/vec_mul.cu , cl.exe (preprocessing 4) , C:/Users/user/Desktop/Git/CUDA/Vector/vec_mul.cu  , C:/Users/user/AppData/Local/Temp/tmpxft_00000c58_00000000-10_vec_mul.cpp4.ii ,  , nvcc , 558.9491 , ms
C:/Users/user/Desktop/Git/CUDA/Vector/vec_mul.cu , cudafe++ , C:/Users/user/AppData/Local/Temp/tmpxft_00000c58_00000000-10_vec_mul.cpp4.ii  , C:/Users/user/AppData/Local/Temp/tmpxft_00000c58_00000000-11_vec_mul.cudafe1.cpp , compute_86 , nvcc , 857.6808 , ms
C:/Users/user/Desktop/Git/CUDA/Vector/vec_mul.cu , cl.exe (preprocessing 1) , C:/Users/user/Desktop/Git/CUDA/Vector/vec_mul.cu  , C:/Users/user/AppData/Local/Temp/tmpxft_00000c58_00000000-16_vec_mul.cpp1.ii , compute_86 , nvcc , 505.5829 , ms
C:/Users/user/Desktop/Git/CUDA/Vector/vec_mul.cu , cicc ,  C:/Users/user/AppData/Local/Temp/tmpxft_00000c58_00000000-16_vec_mul.cpp1.ii  , C:/Users/user/AppData/Local/Temp/tmpxft_00000c58_00000000-11_vec_mul.ptx , compute_86 , nvcc , 726.0125 , ms
C:/Users/user/Desktop/Git/CUDA/Vector/vec_mul.cu , ptxas , C:/Users/user/AppData/Local/Temp/tmpxft_00000c58_00000000-11_vec_mul.ptx  , C:/Users/user/AppData/Local/Temp/tmpxft_00000c58_00000000-19_vec_mul.cubin , sm_86 , nvcc , 43.0146 , ms
C:/Users/user/Desktop/Git/CUDA/Vector/vec_mul.cu , fatbinary , C:/Users/user/AppData/Local/Temp/tmpxft_00000c58_00000000-19_vec_mul.cubin  , C:/Users/user/AppData/Local/Temp/tmpxft_00000c58_00000000-8_vec_mul.fatbin ,  , nvcc , 27.2277 , ms
C:/Users/user/Desktop/Git/CUDA/Vector/vec_mul.cu , cl.exe (compiling) ,   , C:/Users/user/AppData/Local/Temp/tmpxft_00000c58_00000000-20_vec_mul.obj , compute_86 , nvcc , 763.6057 , ms
C:/Users/user/Desktop/Git/CUDA/common/DS_timer.cpp , cl.exe (compiling) , C:/Users/user/Desktop/Git/CUDA/common/DS_timer.cpp  , C:/Users/user/AppData/Local/Temp/tmpxft_00000c58_00000000-23_DS_timer.obj ,  , nvcc , 779.3710 , ms
C:/Users/user/Desktop/Git/CUDA/Vector/vec_mul.cu C:/Users/user/Desktop/Git/CUDA/common/DS_timer.cpp  , nvlink , C:/Users/user/AppData/Local/Temp/tmpxft_00000c58_00000000-20_vec_mul.obj C:/Users/user/AppData/Local/Temp/tmpxft_00000c58_00000000-23_DS_timer.obj  , C:/Users/user/AppData/Local/Temp/tmpxft_00000c58_00000000-26_vec_mul_dlink.cubin , sm_86 , nvcc , 34.7693 , ms
C:/Users/user/Desktop/Git/CUDA/Vector/vec_mul.cu C:/Users/user/Desktop/Git/CUDA/common/DS_timer.cpp  , fatbinary , C:/Users/user/AppData/Local/Temp/tmpxft_00000c58_00000000-26_vec_mul_dlink.cubin  , C:/Users/user/AppData/Local/Temp/tmpxft_00000c58_00000000-13_vec_mul_dlink.fatbin ,  , nvcc , 23.0631 , ms
C:/Users/user/Desktop/Git/CUDA/Vector/vec_mul.cu C:/Users/user/Desktop/Git/CUDA/common/DS_timer.cpp  , cl.exe (compiling) , C:\Program Files\NVIDIA GPU Computing Toolkit\CUDA\v12.5\bin\crt\link.stub  , C:/Users/user/AppData/Local/Temp/tmpxft_00000c58_00000000-28_vec_mul_dlink.obj ,  , nvcc , 76.4003 , ms
C:/Users/user/Desktop/Git/CUDA/Vector/vec_mul.cu C:/Users/user/Desktop/Git/CUDA/common/DS_timer.cpp  , cl.exe (linking) , C:/Users/user/AppData/Local/Temp/tmpxft_00000c58_00000000-28_vec_mul_dlink.obj C:/Users/user/AppData/Local/Temp/tmpxft_00000c58_00000000-20_vec_mul.obj C:/Users/user/AppData/Local/Temp/tmpxft_00000c58_00000000-23_DS_timer.obj  , C:/Users/user/Desktop/Git/CUDA/build/vec_mul.exe ,  , nvcc , 149.5324 , ms
 , nvcc (driver) ,  , C:/Users/user/Desktop/Git/CUDA/build/vec_mul.exe ,  , nvcc , 7.9551 , ms
C:/Users/user/Desktop/Git/CUDA/Vector/vec_mul.cu , cl.exe (preprocessing 4) , C:/Users/user/Desktop/Git/CUDA/Vector/vec_mul.cu  , C:/Users/user/AppData/Local/Temp/tmpxft_00006228_00000000-10_vec_mul.cpp4.ii ,  , nvcc , 494.7992 , ms
C:/Users/user/Desktop/Git/CUDA/Vector/vec_mul.cu , cudafe++ , C:/Users/user/AppData/Local/Temp/tmpxft_00006228_00000000-10_vec_mul.cpp4.ii  , C:/Users/user/AppData/Local/Temp/tmpxft_00006228_00000000-11_vec_mul.cudafe1.cpp , compute_86 , nvcc , 837.0649 , ms
C:/Users/user/Desktop/Git/CUDA/Vector/vec_mul.cu , cl.exe (preprocessing 1) , C:/Users/user/Desktop/Git/CUDA/Vector/vec_mul.cu  , C:/Users/user/AppData/Local/Temp/tmpxft_00006228_00000000-16_vec_mul.cpp1.ii , compute_86 , nvcc , 514.6710 , ms
C:/Users/user/Desktop/Git/CUDA/Vector/vec_mul.cu , cicc ,  C:/Users/user/AppData/Local/Temp/tmpxft_00006228_00000000-16_vec_mul.cpp1.ii  , C:/Users/user/AppData/Local/Temp/tmpxft_00006228_00000000-11_vec_mul.ptx , compute_86 , nvcc , 730.6337 , ms
C:/Users/user/Desktop/Git/CUDA/Vector/vec_mul.cu , ptxas , C:/Users/user/AppData/Local/Temp/tmpxft_00006228_00000000-11_vec_mul.ptx  , C:/Users/user/AppData/Local/Temp/tmpxft_00006228_00000000-19_vec_mul.cubin , sm_86 , nvcc , 46.6206 , ms
C:/Users/user/Desktop/Git/CUDA/Vector/vec_mul.cu , fatbinary , C:/Users/user/AppData/Local/Temp/tmpxft_00006228_00000000-19_vec_mul.cubin  , C:/Users/user/AppData/Local/Temp/tmpxft_00006228_00000000-8_vec_mul.fatbin ,  , nvcc , 24.2793 , ms
C:/Users/user/Desktop/Git/CUDA/Vector/vec_mul.cu , cl.exe (compiling) ,   , C:/Users/user/AppData/Local/Temp/tmpxft_00006228_00000000-20_vec_mul.obj , compute_86 , nvcc , 778.0732 , ms
C:/Users/user/Desktop/Git/CUDA/common/DS_timer.cpp , cl.exe (compiling) , C:/Users/user/Desktop/Git/CUDA/common/DS_timer.cpp  , C:/Users/user/AppData/Local/Temp/tmpxft_00006228_00000000-23_DS_timer.obj ,  , nvcc , 797.6882 , ms
C:/Users/user/Desktop/Git/CUDA/Vector/vec_mul.cu C:/Users/user/Desktop/Git/CUDA/common/DS_timer.cpp  , nvlink , C:/Users/user/AppData/Local/Temp/tmpxft_00006228_00000000-20_vec_mul.obj C:/Users/user/AppData/Local/Temp/tmpxft_00006228_00000000-23_DS_timer.obj  , C:/Users/user/AppData/Local/Temp/tmpxft_00006228_00000000-26_vec_mul_dlink.cubin , sm_86 , nvcc , 35.0353 , ms
C:/Users/user/Desktop/Git/CUDA/Vector/vec_mul.cu C:/Users/user/Desktop/Git/CUDA/common/DS_timer.cpp  , fatbinary , C:/Users/user/AppData/Local/Temp/tmpxft_00006228_00000000-26_vec_mul_dlink.cubin  , C:/Users/user/AppData/Local/Temp/tmpxft_00006228_00000000-13_vec_mul_dlink.fatbin ,  , nvcc , 23.0183 , ms
C:/Users/user/Desktop/Git/CUDA/Vector/vec_mul.cu C:/Users/user/Desktop/Git/CUDA/common/DS_timer.cpp  , cl.exe (compiling) , C:\Program Files\NVIDIA GPU Computing Toolkit\CUDA\v12.5\bin\crt\link.stub  , C:/Users/user/AppData/Local/Temp/tmpxft_00006228_00000000-28_vec_mul_dlink.obj ,  , nvcc , 78.4371 , ms
C:/Users/user/Desktop/Git/CUDA/Vector/vec_mul.cu C:/Users/user/Desktop/Git/CUDA/common/DS_timer.cpp  , cl.exe (linking) , C:/Users/user/AppData/Local/Temp/tmpxft_00006228_00000000-28_vec_mul_dlink.obj C:/Users/user/AppData/Local/Temp/tmpxft_00006228_00000000-20_vec_mul.obj C:/Users/user/AppData/Local/Temp/tmpxft_00006228_00000000-23_DS_timer.obj  , C:/Users/user/Desktop/Git/CUDA/build/vec_mul.exe ,  , nvcc , 164.0974 , ms
 , nvcc (driver) ,  , C:/Users/user/Desktop/Git/CUDA/build/vec_mul.exe ,  , nvcc , 8.2388 , ms
C:/Users/user/Desktop/Git/CUDA/Vector/vec_mul.cu , cl.exe (preprocessing 4) , C:/Users/user/Desktop/Git/CUDA/Vector/vec_mul.cu  , C:/Users/user/AppData/Local/Temp/tmpxft_00000b04_00000000-10_vec_mul.cpp4.ii ,  , nvcc , 561.2662 , ms
C:/Users/user/Desktop/Git/CUDA/Vector/vec_mul.cu , cudafe++ , C:/Users/user/AppData/Local/Temp/tmpxft_00000b04_00000000-10_vec_mul.cpp4.ii  , C:/Users/user/AppData/Local/Temp/tmpxft_00000b04_00000000-11_vec_mul.cudafe1.cpp , compute_86 , nvcc , 867.1107 , ms
C:/Users/user/Desktop/Git/CUDA/Vector/vec_mul.cu , cl.exe (preprocessing 1) , C:/Users/user/Desktop/Git/CUDA/Vector/vec_mul.cu  , C:/Users/user/AppData/Local/Temp/tmpxft_00000b04_00000000-16_vec_mul.cpp1.ii , compute_86 , nvcc , 530.0347 , ms
C:/Users/user/Desktop/Git/CUDA/Vector/vec_mul.cu , cicc ,  C:/Users/user/AppData/Local/Temp/tmpxft_00000b04_00000000-16_vec_mul.cpp1.ii  , C:/Users/user/AppData/Local/Temp/tmpxft_00000b04_00000000-11_vec_mul.ptx , compute_86 , nvcc , 763.5073 , ms
C:/Users/user/Desktop/Git/CUDA/Vector/vec_mul.cu , ptxas , C:/Users/user/AppData/Local/Temp/tmpxft_00000b04_00000000-11_vec_mul.ptx  , C:/Users/user/AppData/Local/Temp/tmpxft_00000b04_00000000-19_vec_mul.cubin , sm_86 , nvcc , 42.3135 , ms
C:/Users/user/Desktop/Git/CUDA/Vector/vec_mul.cu , fatbinary , C:/Users/user/AppData/Local/Temp/tmpxft_00000b04_00000000-19_vec_mul.cubin  , C:/Users/user/AppData/Local/Temp/tmpxft_00000b04_00000000-8_vec_mul.fatbin ,  , nvcc , 23.9717 , ms
C:/Users/user/Desktop/Git/CUDA/Vector/vec_mul.cu , cl.exe (compiling) ,   , C:/Users/user/AppData/Local/Temp/tmpxft_00000b04_00000000-20_vec_mul.obj , compute_86 , nvcc , 873.9745 , ms
C:/Users/user/Desktop/Git/CUDA/common/DS_timer.cpp , cl.exe (compiling) , C:/Users/user/Desktop/Git/CUDA/common/DS_timer.cpp  , C:/Users/user/AppData/Local/Temp/tmpxft_00000b04_00000000-23_DS_timer.obj ,  , nvcc , 876.8245 , ms
C:/Users/user/Desktop/Git/CUDA/Vector/vec_mul.cu C:/Users/user/Desktop/Git/CUDA/common/DS_timer.cpp  , nvlink , C:/Users/user/AppData/Local/Temp/tmpxft_00000b04_00000000-20_vec_mul.obj C:/Users/user/AppData/Local/Temp/tmpxft_00000b04_00000000-23_DS_timer.obj  , C:/Users/user/AppData/Local/Temp/tmpxft_00000b04_00000000-26_vec_mul_dlink.cubin , sm_86 , nvcc , 34.9594 , ms
C:/Users/user/Desktop/Git/CUDA/Vector/vec_mul.cu C:/Users/user/Desktop/Git/CUDA/common/DS_timer.cpp  , fatbinary , C:/Users/user/AppData/Local/Temp/tmpxft_00000b04_00000000-26_vec_mul_dlink.cubin  , C:/Users/user/AppData/Local/Temp/tmpxft_00000b04_00000000-13_vec_mul_dlink.fatbin ,  , nvcc , 24.3311 , ms
C:/Users/user/Desktop/Git/CUDA/Vector/vec_mul.cu C:/Users/user/Desktop/Git/CUDA/common/DS_timer.cpp  , cl.exe (compiling) , C:\Program Files\NVIDIA GPU Computing Toolkit\CUDA\v12.5\bin\crt\link.stub  , C:/Users/user/AppData/Local/Temp/tmpxft_00000b04_00000000-28_vec_mul_dlink.obj ,  , nvcc , 87.0096 , ms
C:/Users/user/Desktop/Git/CUDA/Vector/vec_mul.cu C:/Users/user/Desktop/Git/CUDA/common/DS_timer.cpp  , cl.exe (linking) , C:/Users/user/AppData/Local/Temp/tmpxft_00000b04_00000000-28_vec_mul_dlink.obj C:/Users/user/AppData/Local/Temp/tmpxft_00000b04_00000000-20_vec_mul.obj C:/Users/user/AppData/Local/Temp/tmpxft_00000b04_00000000-23_DS_timer.obj  , C:/Users/user/Desktop/Git/CUDA/build/vec_mul.exe ,  , nvcc , 159.0952 , ms
 , nvcc (driver) ,  , C:/Users/user/Desktop/Git/CUDA/build/vec_mul.exe ,  , nvcc , 8.4165 , ms
C:/Users/user/Desktop/Git/CUDA/Vector/vec_mul.cu , cl.exe (preprocessing 4) , C:/Users/user/Desktop/Git/CUDA/Vector/vec_mul.cu  , C:/Users/user/AppData/Local/Temp/tmpxft_00002034_00000000-10_vec_mul.cpp4.ii ,  , nvcc , 491.2246 , ms
C:/Users/user/Desktop/Git/CUDA/Vector/vec_mul.cu , cudafe++ , C:/Users/user/AppData/Local/Temp/tmpxft_00002034_00000000-10_vec_mul.cpp4.ii  , C:/Users/user/AppData/Local/Temp/tmpxft_00002034_00000000-11_vec_mul.cudafe1.cpp , compute_86 , nvcc , 814.2151 , ms
C:/Users/user/Desktop/Git/CUDA/Vector/vec_mul.cu , cl.exe (preprocessing 1) , C:/Users/user/Desktop/Git/CUDA/Vector/vec_mul.cu  , C:/Users/user/AppData/Local/Temp/tmpxft_00002034_00000000-16_vec_mul.cpp1.ii , compute_86 , nvcc , 514.1399 , ms
C:/Users/user/Desktop/Git/CUDA/Vector/vec_mul.cu , cicc ,  C:/Users/user/AppData/Local/Temp/tmpxft_00002034_00000000-16_vec_mul.cpp1.ii  , C:/Users/user/AppData/Local/Temp/tmpxft_00002034_00000000-11_vec_mul.ptx , compute_86 , nvcc , 734.7357 , ms
C:/Users/user/Desktop/Git/CUDA/Vector/vec_mul.cu , ptxas , C:/Users/user/AppData/Local/Temp/tmpxft_00002034_00000000-11_vec_mul.ptx  , C:/Users/user/AppData/Local/Temp/tmpxft_00002034_00000000-19_vec_mul.cubin , sm_86 , nvcc , 42.7075 , ms
C:/Users/user/Desktop/Git/CUDA/Vector/vec_mul.cu , fatbinary , C:/Users/user/AppData/Local/Temp/tmpxft_00002034_00000000-19_vec_mul.cubin  , C:/Users/user/AppData/Local/Temp/tmpxft_00002034_00000000-8_vec_mul.fatbin ,  , nvcc , 23.9826 , ms
C:/Users/user/Desktop/Git/CUDA/Vector/vec_mul.cu , cl.exe (compiling) ,   , C:/Users/user/AppData/Local/Temp/tmpxft_00002034_00000000-20_vec_mul.obj , compute_86 , nvcc , 765.1383 , ms
C:/Users/user/Desktop/Git/CUDA/common/DS_timer.cpp , cl.exe (compiling) , C:/Users/user/Desktop/Git/CUDA/common/DS_timer.cpp  , C:/Users/user/AppData/Local/Temp/tmpxft_00002034_00000000-23_DS_timer.obj ,  , nvcc , 800.0700 , ms
C:/Users/user/Desktop/Git/CUDA/Vector/vec_mul.cu C:/Users/user/Desktop/Git/CUDA/common/DS_timer.cpp  , nvlink , C:/Users/user/AppData/Local/Temp/tmpxft_00002034_00000000-20_vec_mul.obj C:/Users/user/AppData/Local/Temp/tmpxft_00002034_00000000-23_DS_timer.obj  , C:/Users/user/AppData/Local/Temp/tmpxft_00002034_00000000-26_vec_mul_dlink.cubin , sm_86 , nvcc , 33.6733 , ms
C:/Users/user/Desktop/Git/CUDA/Vector/vec_mul.cu C:/Users/user/Desktop/Git/CUDA/common/DS_timer.cpp  , fatbinary , C:/Users/user/AppData/Local/Temp/tmpxft_00002034_00000000-26_vec_mul_dlink.cubin  , C:/Users/user/AppData/Local/Temp/tmpxft_00002034_00000000-13_vec_mul_dlink.fatbin ,  , nvcc , 22.8601 , ms
C:/Users/user/Desktop/Git/CUDA/Vector/vec_mul.cu C:/Users/user/Desktop/Git/CUDA/common/DS_timer.cpp  , cl.exe (compiling) , C:\Program Files\NVIDIA GPU Computing Toolkit\CUDA\v12.5\bin\crt\link.stub  , C:/Users/user/AppData/Local/Temp/tmpxft_00002034_00000000-28_vec_mul_dlink.obj ,  , nvcc , 86.3069 , ms
C:/Users/user/Desktop/Git/CUDA/Vector/vec_mul.cu C:/Users/user/Desktop/Git/CUDA/common/DS_timer.cpp  , cl.exe (linking) , C:/Users/user/AppData/Local/Temp/tmpxft_00002034_00000000-28_vec_mul_dlink.obj C:/Users/user/AppData/Local/Temp/tmpxft_00002034_00000000-20_vec_mul.obj C:/Users/user/AppData/Local/Temp/tmpxft_00002034_00000000-23_DS_timer.obj  , C:/Users/user/Desktop/Git/CUDA/build/vec_mul.exe ,  , nvcc , 145.5522 , ms
 , nvcc (driver) ,  , C:/Users/user/Desktop/Git/CUDA/build/vec_mul.exe ,  , nvcc , 7.7178 , ms
C:/Users/user/Desktop/Git/CUDA/Vector/vec_mul.cu , cl.exe (preprocessing 4) , C:/Users/user/Desktop/Git/CUDA/Vector/vec_mul.cu  , C:/Users/user/AppData/Local/Temp/tmpxft_00006484_00000000-10_vec_mul.cpp4.ii ,  , nvcc , 479.8860 , ms
C:/Users/user/Desktop/Git/CUDA/Vector/vec_mul.cu , cudafe++ , C:/Users/user/AppData/Local/Temp/tmpxft_00006484_00000000-10_vec_mul.cpp4.ii  , C:/Users/user/AppData/Local/Temp/tmpxft_00006484_00000000-11_vec_mul.cudafe1.cpp , compute_86 , nvcc , 821.9917 , ms
C:/Users/user/Desktop/Git/CUDA/Vector/vec_mul.cu , cl.exe (preprocessing 1) , C:/Users/user/Desktop/Git/CUDA/Vector/vec_mul.cu  , C:/Users/user/AppData/Local/Temp/tmpxft_00006484_00000000-16_vec_mul.cpp1.ii , compute_86 , nvcc , 524.6884 , ms
C:/Users/user/Desktop/Git/CUDA/Vector/vec_mul.cu , cicc ,  C:/Users/user/AppData/Local/Temp/tmpxft_00006484_00000000-16_vec_mul.cpp1.ii  , C:/Users/user/AppData/Local/Temp/tmpxft_00006484_00000000-11_vec_mul.ptx , compute_86 , nvcc , 739.9184 , ms
C:/Users/user/Desktop/Git/CUDA/Vector/vec_mul.cu , ptxas , C:/Users/user/AppData/Local/Temp/tmpxft_00006484_00000000-11_vec_mul.ptx  , C:/Users/user/AppData/Local/Temp/tmpxft_00006484_00000000-19_vec_mul.cubin , sm_86 , nvcc , 43.6137 , ms
C:/Users/user/Desktop/Git/CUDA/Vector/vec_mul.cu , fatbinary , C:/Users/user/AppData/Local/Temp/tmpxft_00006484_00000000-19_vec_mul.cubin  , C:/Users/user/AppData/Local/Temp/tmpxft_00006484_00000000-8_vec_mul.fatbin ,  , nvcc , 23.8582 , ms
C:/Users/user/Desktop/Git/CUDA/Vector/vec_mul.cu , cl.exe (compiling) ,   , C:/Users/user/AppData/Local/Temp/tmpxft_00006484_00000000-20_vec_mul.obj , compute_86 , nvcc , 772.2344 , ms
C:/Users/user/Desktop/Git/CUDA/common/DS_timer.cpp , cl.exe (compiling) , C:/Users/user/Desktop/Git/CUDA/common/DS_timer.cpp  , C:/Users/user/AppData/Local/Temp/tmpxft_00006484_00000000-23_DS_timer.obj ,  , nvcc , 784.5927 , ms
C:/Users/user/Desktop/Git/CUDA/Vector/vec_mul.cu C:/Users/user/Desktop/Git/CUDA/common/DS_timer.cpp  , nvlink , C:/Users/user/AppData/Local/Temp/tmpxft_00006484_00000000-20_vec_mul.obj C:/Users/user/AppData/Local/Temp/tmpxft_00006484_00000000-23_DS_timer.obj  , C:/Users/user/AppData/Local/Temp/tmpxft_00006484_00000000-26_vec_mul_dlink.cubin , sm_86 , nvcc , 33.7174 , ms
C:/Users/user/Desktop/Git/CUDA/Vector/vec_mul.cu C:/Users/user/Desktop/Git/CUDA/common/DS_timer.cpp  , fatbinary , C:/Users/user/AppData/Local/Temp/tmpxft_00006484_00000000-26_vec_mul_dlink.cubin  , C:/Users/user/AppData/Local/Temp/tmpxft_00006484_00000000-13_vec_mul_dlink.fatbin ,  , nvcc , 22.4672 , ms
C:/Users/user/Desktop/Git/CUDA/Vector/vec_mul.cu C:/Users/user/Desktop/Git/CUDA/common/DS_timer.cpp  , cl.exe (compiling) , C:\Program Files\NVIDIA GPU Computing Toolkit\CUDA\v12.5\bin\crt\link.stub  , C:/Users/user/AppData/Local/Temp/tmpxft_00006484_00000000-28_vec_mul_dlink.obj ,  , nvcc , 76.0366 , ms
C:/Users/user/Desktop/Git/CUDA/Vector/vec_mul.cu C:/Users/user/Desktop/Git/CUDA/common/DS_timer.cpp  , cl.exe (linking) , C:/Users/user/AppData/Local/Temp/tmpxft_00006484_00000000-28_vec_mul_dlink.obj C:/Users/user/AppData/Local/Temp/tmpxft_00006484_00000000-20_vec_mul.obj C:/Users/user/AppData/Local/Temp/tmpxft_00006484_00000000-23_DS_timer.obj  , C:/Users/user/Desktop/Git/CUDA/build/vec_mul.exe ,  , nvcc , 148.8620 , ms
 , nvcc (driver) ,  , C:/Users/user/Desktop/Git/CUDA/build/vec_mul.exe ,  , nvcc , 8.0615 , ms
C:/Users/user/Desktop/Git/CUDA/Vector/vec_mul.cu , cl.exe (preprocessing 4) , C:/Users/user/Desktop/Git/CUDA/Vector/vec_mul.cu  , C:/Users/user/AppData/Local/Temp/tmpxft_00005e1c_00000000-10_vec_mul.cpp4.ii ,  , nvcc , 509.3827 , ms
C:/Users/user/Desktop/Git/CUDA/Vector/vec_mul.cu , cudafe++ , C:/Users/user/AppData/Local/Temp/tmpxft_00005e1c_00000000-10_vec_mul.cpp4.ii  , C:/Users/user/AppData/Local/Temp/tmpxft_00005e1c_00000000-11_vec_mul.cudafe1.cpp , compute_86 , nvcc , 811.6465 , ms
C:/Users/user/Desktop/Git/CUDA/Vector/vec_mul.cu , cl.exe (preprocessing 1) , C:/Users/user/Desktop/Git/CUDA/Vector/vec_mul.cu  , C:/Users/user/AppData/Local/Temp/tmpxft_00005e1c_00000000-16_vec_mul.cpp1.ii , compute_86 , nvcc , 508.4880 , ms
C:/Users/user/Desktop/Git/CUDA/Vector/vec_mul.cu , cicc ,  C:/Users/user/AppData/Local/Temp/tmpxft_00005e1c_00000000-16_vec_mul.cpp1.ii  , C:/Users/user/AppData/Local/Temp/tmpxft_00005e1c_00000000-11_vec_mul.ptx , compute_86 , nvcc , 742.2225 , ms
C:/Users/user/Desktop/Git/CUDA/Vector/vec_mul.cu , ptxas , C:/Users/user/AppData/Local/Temp/tmpxft_00005e1c_00000000-11_vec_mul.ptx  , C:/Users/user/AppData/Local/Temp/tmpxft_00005e1c_00000000-19_vec_mul.cubin , sm_86 , nvcc , 41.7532 , ms
C:/Users/user/Desktop/Git/CUDA/Vector/vec_mul.cu , fatbinary , C:/Users/user/AppData/Local/Temp/tmpxft_00005e1c_00000000-19_vec_mul.cubin  , C:/Users/user/AppData/Local/Temp/tmpxft_00005e1c_00000000-8_vec_mul.fatbin ,  , nvcc , 23.6551 , ms
C:/Users/user/Desktop/Git/CUDA/Vector/vec_mul.cu , cl.exe (compiling) ,   , C:/Users/user/AppData/Local/Temp/tmpxft_00005e1c_00000000-20_vec_mul.obj , compute_86 , nvcc , 760.6175 , ms
C:/Users/user/Desktop/Git/CUDA/common/DS_timer.cpp , cl.exe (compiling) , C:/Users/user/Desktop/Git/CUDA/common/DS_timer.cpp  , C:/Users/user/AppData/Local/Temp/tmpxft_00005e1c_00000000-23_DS_timer.obj ,  , nvcc , 798.7248 , ms
C:/Users/user/Desktop/Git/CUDA/Vector/vec_mul.cu C:/Users/user/Desktop/Git/CUDA/common/DS_timer.cpp  , nvlink , C:/Users/user/AppData/Local/Temp/tmpxft_00005e1c_00000000-20_vec_mul.obj C:/Users/user/AppData/Local/Temp/tmpxft_00005e1c_00000000-23_DS_timer.obj  , C:/Users/user/AppData/Local/Temp/tmpxft_00005e1c_00000000-26_vec_mul_dlink.cubin , sm_86 , nvcc , 33.7348 , ms
C:/Users/user/Desktop/Git/CUDA/Vector/vec_mul.cu C:/Users/user/Desktop/Git/CUDA/common/DS_timer.cpp  , fatbinary , C:/Users/user/AppData/Local/Temp/tmpxft_00005e1c_00000000-26_vec_mul_dlink.cubin  , C:/Users/user/AppData/Local/Temp/tmpxft_00005e1c_00000000-13_vec_mul_dlink.fatbin ,  , nvcc , 22.5738 , ms
C:/Users/user/Desktop/Git/CUDA/Vector/vec_mul.cu C:/Users/user/Desktop/Git/CUDA/common/DS_timer.cpp  , cl.exe (compiling) , C:\Program Files\NVIDIA GPU Computing Toolkit\CUDA\v12.5\bin\crt\link.stub  , C:/Users/user/AppData/Local/Temp/tmpxft_00005e1c_00000000-28_vec_mul_dlink.obj ,  , nvcc , 76.5536 , ms
C:/Users/user/Desktop/Git/CUDA/Vector/vec_mul.cu C:/Users/user/Desktop/Git/CUDA/common/DS_timer.cpp  , cl.exe (linking) , C:/Users/user/AppData/Local/Temp/tmpxft_00005e1c_00000000-28_vec_mul_dlink.obj C:/Users/user/AppData/Local/Temp/tmpxft_00005e1c_00000000-20_vec_mul.obj C:/Users/user/AppData/Local/Temp/tmpxft_00005e1c_00000000-23_DS_timer.obj  , C:/Users/user/Desktop/Git/CUDA/build/vec_mul.exe ,  , nvcc , 148.4553 , ms
 , nvcc (driver) ,  , C:/Users/user/Desktop/Git/CUDA/build/vec_mul.exe ,  , nvcc , 7.8081 , ms
C:/Users/user/Desktop/Git/CUDA/Vector/vec_mul.cu , cl.exe (preprocessing 4) , C:/Users/user/Desktop/Git/CUDA/Vector/vec_mul.cu  , C:/Users/user/AppData/Local/Temp/tmpxft_000067f4_00000000-10_vec_mul.cpp4.ii ,  , nvcc , 511.2957 , ms
C:/Users/user/Desktop/Git/CUDA/Vector/vec_mul.cu , cl.exe (preprocessing 4) , C:/Users/user/Desktop/Git/CUDA/Vector/vec_mul.cu  , C:/Users/user/AppData/Local/Temp/tmpxft_00003154_00000000-10_vec_mul.cpp4.ii ,  , nvcc , 485.7497 , ms
C:/Users/user/Desktop/Git/CUDA/Vector/vec_mul.cu , cudafe++ , C:/Users/user/AppData/Local/Temp/tmpxft_00003154_00000000-10_vec_mul.cpp4.ii  , C:/Users/user/AppData/Local/Temp/tmpxft_00003154_00000000-11_vec_mul.cudafe1.cpp , compute_86 , nvcc , 808.0552 , ms
C:/Users/user/Desktop/Git/CUDA/Vector/vec_mul.cu , cl.exe (preprocessing 1) , C:/Users/user/Desktop/Git/CUDA/Vector/vec_mul.cu  , C:/Users/user/AppData/Local/Temp/tmpxft_00003154_00000000-16_vec_mul.cpp1.ii , compute_86 , nvcc , 562.2775 , ms
C:/Users/user/Desktop/Git/CUDA/Vector/vec_mul.cu , cicc ,  C:/Users/user/AppData/Local/Temp/tmpxft_00003154_00000000-16_vec_mul.cpp1.ii  , C:/Users/user/AppData/Local/Temp/tmpxft_00003154_00000000-11_vec_mul.ptx , compute_86 , nvcc , 709.4828 , ms
C:/Users/user/Desktop/Git/CUDA/Vector/vec_mul.cu , ptxas , C:/Users/user/AppData/Local/Temp/tmpxft_00003154_00000000-11_vec_mul.ptx  , C:/Users/user/AppData/Local/Temp/tmpxft_00003154_00000000-19_vec_mul.cubin , sm_86 , nvcc , 41.5939 , ms
C:/Users/user/Desktop/Git/CUDA/Vector/vec_mul.cu , fatbinary , C:/Users/user/AppData/Local/Temp/tmpxft_00003154_00000000-19_vec_mul.cubin  , C:/Users/user/AppData/Local/Temp/tmpxft_00003154_00000000-8_vec_mul.fatbin ,  , nvcc , 24.3457 , ms
C:/Users/user/Desktop/Git/CUDA/Vector/vec_mul.cu , cl.exe (compiling) ,   , C:/Users/user/AppData/Local/Temp/tmpxft_00003154_00000000-20_vec_mul.obj , compute_86 , nvcc , 795.9870 , ms
C:/Users/user/Desktop/Git/CUDA/common/DS_timer.cpp , cl.exe (compiling) , C:/Users/user/Desktop/Git/CUDA/common/DS_timer.cpp  , C:/Users/user/AppData/Local/Temp/tmpxft_00003154_00000000-23_DS_timer.obj ,  , nvcc , 800.5275 , ms
C:/Users/user/Desktop/Git/CUDA/Vector/vec_mul.cu C:/Users/user/Desktop/Git/CUDA/common/DS_timer.cpp  , nvlink , C:/Users/user/AppData/Local/Temp/tmpxft_00003154_00000000-20_vec_mul.obj C:/Users/user/AppData/Local/Temp/tmpxft_00003154_00000000-23_DS_timer.obj  , C:/Users/user/AppData/Local/Temp/tmpxft_00003154_00000000-26_vec_mul_dlink.cubin , sm_86 , nvcc , 33.0495 , ms
C:/Users/user/Desktop/Git/CUDA/Vector/vec_mul.cu C:/Users/user/Desktop/Git/CUDA/common/DS_timer.cpp  , fatbinary , C:/Users/user/AppData/Local/Temp/tmpxft_00003154_00000000-26_vec_mul_dlink.cubin  , C:/Users/user/AppData/Local/Temp/tmpxft_00003154_00000000-13_vec_mul_dlink.fatbin ,  , nvcc , 22.9875 , ms
C:/Users/user/Desktop/Git/CUDA/Vector/vec_mul.cu C:/Users/user/Desktop/Git/CUDA/common/DS_timer.cpp  , cl.exe (compiling) , C:\Program Files\NVIDIA GPU Computing Toolkit\CUDA\v12.5\bin\crt\link.stub  , C:/Users/user/AppData/Local/Temp/tmpxft_00003154_00000000-28_vec_mul_dlink.obj ,  , nvcc , 76.9327 , ms
C:/Users/user/Desktop/Git/CUDA/Vector/vec_mul.cu C:/Users/user/Desktop/Git/CUDA/common/DS_timer.cpp  , cl.exe (linking) , C:/Users/user/AppData/Local/Temp/tmpxft_00003154_00000000-28_vec_mul_dlink.obj C:/Users/user/AppData/Local/Temp/tmpxft_00003154_00000000-20_vec_mul.obj C:/Users/user/AppData/Local/Temp/tmpxft_00003154_00000000-23_DS_timer.obj  , C:/Users/user/Desktop/Git/CUDA/build/vec_mul.exe ,  , nvcc , 148.1927 , ms
 , nvcc (driver) ,  , C:/Users/user/Desktop/Git/CUDA/build/vec_mul.exe ,  , nvcc , 7.6787 , ms
C:/Users/user/Desktop/Git/CUDA/Vector/vec_mul.cu , cl.exe (preprocessing 4) , C:/Users/user/Desktop/Git/CUDA/Vector/vec_mul.cu  , C:/Users/user/AppData/Local/Temp/tmpxft_0000614c_00000000-10_vec_mul.cpp4.ii ,  , nvcc , 501.8328 , ms
C:/Users/user/Desktop/Git/CUDA/Vector/vec_mul.cu , cudafe++ , C:/Users/user/AppData/Local/Temp/tmpxft_0000614c_00000000-10_vec_mul.cpp4.ii  , C:/Users/user/AppData/Local/Temp/tmpxft_0000614c_00000000-11_vec_mul.cudafe1.cpp , compute_86 , nvcc , 838.3678 , ms
C:/Users/user/Desktop/Git/CUDA/Vector/vec_mul.cu , cl.exe (preprocessing 1) , C:/Users/user/Desktop/Git/CUDA/Vector/vec_mul.cu  , C:/Users/user/AppData/Local/Temp/tmpxft_0000614c_00000000-16_vec_mul.cpp1.ii , compute_86 , nvcc , 508.3255 , ms
C:/Users/user/Desktop/Git/CUDA/Vector/vec_mul.cu , cicc ,  C:/Users/user/AppData/Local/Temp/tmpxft_0000614c_00000000-16_vec_mul.cpp1.ii  , C:/Users/user/AppData/Local/Temp/tmpxft_0000614c_00000000-11_vec_mul.ptx , compute_86 , nvcc , 756.8788 , ms
C:/Users/user/Desktop/Git/CUDA/Vector/vec_mul.cu , ptxas , C:/Users/user/AppData/Local/Temp/tmpxft_0000614c_00000000-11_vec_mul.ptx  , C:/Users/user/AppData/Local/Temp/tmpxft_0000614c_00000000-19_vec_mul.cubin , sm_86 , nvcc , 43.3335 , ms
C:/Users/user/Desktop/Git/CUDA/Vector/vec_mul.cu , fatbinary , C:/Users/user/AppData/Local/Temp/tmpxft_0000614c_00000000-19_vec_mul.cubin  , C:/Users/user/AppData/Local/Temp/tmpxft_0000614c_00000000-8_vec_mul.fatbin ,  , nvcc , 25.1026 , ms
C:/Users/user/Desktop/Git/CUDA/Vector/vec_mul.cu , cl.exe (compiling) ,   , C:/Users/user/AppData/Local/Temp/tmpxft_0000614c_00000000-20_vec_mul.obj , compute_86 , nvcc , 813.3573 , ms
C:/Users/user/Desktop/Git/CUDA/common/DS_timer.cpp , cl.exe (compiling) , C:/Users/user/Desktop/Git/CUDA/common/DS_timer.cpp  , C:/Users/user/AppData/Local/Temp/tmpxft_0000614c_00000000-23_DS_timer.obj ,  , nvcc , 809.5096 , ms
C:/Users/user/Desktop/Git/CUDA/Vector/vec_mul.cu C:/Users/user/Desktop/Git/CUDA/common/DS_timer.cpp  , nvlink , C:/Users/user/AppData/Local/Temp/tmpxft_0000614c_00000000-20_vec_mul.obj C:/Users/user/AppData/Local/Temp/tmpxft_0000614c_00000000-23_DS_timer.obj  , C:/Users/user/AppData/Local/Temp/tmpxft_0000614c_00000000-26_vec_mul_dlink.cubin , sm_86 , nvcc , 34.8771 , ms
C:/Users/user/Desktop/Git/CUDA/Vector/vec_mul.cu C:/Users/user/Desktop/Git/CUDA/common/DS_timer.cpp  , fatbinary , C:/Users/user/AppData/Local/Temp/tmpxft_0000614c_00000000-26_vec_mul_dlink.cubin  , C:/Users/user/AppData/Local/Temp/tmpxft_0000614c_00000000-13_vec_mul_dlink.fatbin ,  , nvcc , 22.5638 , ms
C:/Users/user/Desktop/Git/CUDA/Vector/vec_mul.cu C:/Users/user/Desktop/Git/CUDA/common/DS_timer.cpp  , cl.exe (compiling) , C:\Program Files\NVIDIA GPU Computing Toolkit\CUDA\v12.5\bin\crt\link.stub  , C:/Users/user/AppData/Local/Temp/tmpxft_0000614c_00000000-28_vec_mul_dlink.obj ,  , nvcc , 75.5870 , ms
C:/Users/user/Desktop/Git/CUDA/Vector/vec_mul.cu C:/Users/user/Desktop/Git/CUDA/common/DS_timer.cpp  , cl.exe (linking) , C:/Users/user/AppData/Local/Temp/tmpxft_0000614c_00000000-28_vec_mul_dlink.obj C:/Users/user/AppData/Local/Temp/tmpxft_0000614c_00000000-20_vec_mul.obj C:/Users/user/AppData/Local/Temp/tmpxft_0000614c_00000000-23_DS_timer.obj  , C:/Users/user/Desktop/Git/CUDA/build/vec_mul.exe ,  , nvcc , 149.2387 , ms
 , nvcc (driver) ,  , C:/Users/user/Desktop/Git/CUDA/build/vec_mul.exe ,  , nvcc , 9.6265 , ms
C:/Users/user/Desktop/Git/CUDA/Vector/vec_mul.cu , cl.exe (preprocessing 4) , C:/Users/user/Desktop/Git/CUDA/Vector/vec_mul.cu  , C:/Users/user/AppData/Local/Temp/tmpxft_00003a5c_00000000-10_vec_mul.cpp4.ii ,  , nvcc , 515.0749 , ms
C:/Users/user/Desktop/Git/CUDA/Vector/vec_mul.cu , cudafe++ , C:/Users/user/AppData/Local/Temp/tmpxft_00003a5c_00000000-10_vec_mul.cpp4.ii  , C:/Users/user/AppData/Local/Temp/tmpxft_00003a5c_00000000-11_vec_mul.cudafe1.cpp , compute_86 , nvcc , 851.2162 , ms
C:/Users/user/Desktop/Git/CUDA/Vector/vec_mul.cu , cl.exe (preprocessing 1) , C:/Users/user/Desktop/Git/CUDA/Vector/vec_mul.cu  , C:/Users/user/AppData/Local/Temp/tmpxft_00003a5c_00000000-16_vec_mul.cpp1.ii , compute_86 , nvcc , 533.2045 , ms
C:/Users/user/Desktop/Git/CUDA/Vector/vec_mul.cu , cicc ,  C:/Users/user/AppData/Local/Temp/tmpxft_00003a5c_00000000-16_vec_mul.cpp1.ii  , C:/Users/user/AppData/Local/Temp/tmpxft_00003a5c_00000000-11_vec_mul.ptx , compute_86 , nvcc , 789.8003 , ms
C:/Users/user/Desktop/Git/CUDA/Vector/vec_mul.cu , ptxas , C:/Users/user/AppData/Local/Temp/tmpxft_00003a5c_00000000-11_vec_mul.ptx  , C:/Users/user/AppData/Local/Temp/tmpxft_00003a5c_00000000-19_vec_mul.cubin , sm_86 , nvcc , 41.5820 , ms
C:/Users/user/Desktop/Git/CUDA/Vector/vec_mul.cu , fatbinary , C:/Users/user/AppData/Local/Temp/tmpxft_00003a5c_00000000-19_vec_mul.cubin  , C:/Users/user/AppData/Local/Temp/tmpxft_00003a5c_00000000-8_vec_mul.fatbin ,  , nvcc , 23.5649 , ms
C:/Users/user/Desktop/Git/CUDA/Vector/vec_mul.cu , cl.exe (compiling) ,   , C:/Users/user/AppData/Local/Temp/tmpxft_00003a5c_00000000-20_vec_mul.obj , compute_86 , nvcc , 750.8040 , ms
C:/Users/user/Desktop/Git/CUDA/common/DS_timer.cpp , cl.exe (compiling) , C:/Users/user/Desktop/Git/CUDA/common/DS_timer.cpp  , C:/Users/user/AppData/Local/Temp/tmpxft_00003a5c_00000000-23_DS_timer.obj ,  , nvcc , 816.6075 , ms
C:/Users/user/Desktop/Git/CUDA/Vector/vec_mul.cu C:/Users/user/Desktop/Git/CUDA/common/DS_timer.cpp  , nvlink , C:/Users/user/AppData/Local/Temp/tmpxft_00003a5c_00000000-20_vec_mul.obj C:/Users/user/AppData/Local/Temp/tmpxft_00003a5c_00000000-23_DS_timer.obj  , C:/Users/user/AppData/Local/Temp/tmpxft_00003a5c_00000000-26_vec_mul_dlink.cubin , sm_86 , nvcc , 33.5459 , ms
C:/Users/user/Desktop/Git/CUDA/Vector/vec_mul.cu C:/Users/user/Desktop/Git/CUDA/common/DS_timer.cpp  , fatbinary , C:/Users/user/AppData/Local/Temp/tmpxft_00003a5c_00000000-26_vec_mul_dlink.cubin  , C:/Users/user/AppData/Local/Temp/tmpxft_00003a5c_00000000-13_vec_mul_dlink.fatbin ,  , nvcc , 23.1208 , ms
C:/Users/user/Desktop/Git/CUDA/Vector/vec_mul.cu C:/Users/user/Desktop/Git/CUDA/common/DS_timer.cpp  , cl.exe (compiling) , C:\Program Files\NVIDIA GPU Computing Toolkit\CUDA\v12.5\bin\crt\link.stub  , C:/Users/user/AppData/Local/Temp/tmpxft_00003a5c_00000000-28_vec_mul_dlink.obj ,  , nvcc , 76.1377 , ms
C:/Users/user/Desktop/Git/CUDA/Vector/vec_mul.cu C:/Users/user/Desktop/Git/CUDA/common/DS_timer.cpp  , cl.exe (linking) , C:/Users/user/AppData/Local/Temp/tmpxft_00003a5c_00000000-28_vec_mul_dlink.obj C:/Users/user/AppData/Local/Temp/tmpxft_00003a5c_00000000-20_vec_mul.obj C:/Users/user/AppData/Local/Temp/tmpxft_00003a5c_00000000-23_DS_timer.obj  , C:/Users/user/Desktop/Git/CUDA/build/vec_mul.exe ,  , nvcc , 151.1056 , ms
 , nvcc (driver) ,  , C:/Users/user/Desktop/Git/CUDA/build/vec_mul.exe ,  , nvcc , 8.1851 , ms
C:/Users/user/Desktop/Git/CUDA/Vector/vec_mul.cu , cl.exe (preprocessing 4) , C:/Users/user/Desktop/Git/CUDA/Vector/vec_mul.cu  , C:/Users/user/AppData/Local/Temp/tmpxft_00003d0c_00000000-10_vec_mul.cpp4.ii ,  , nvcc , 499.6096 , ms
C:/Users/user/Desktop/Git/CUDA/Vector/vec_mul.cu , cudafe++ , C:/Users/user/AppData/Local/Temp/tmpxft_00003d0c_00000000-10_vec_mul.cpp4.ii  , C:/Users/user/AppData/Local/Temp/tmpxft_00003d0c_00000000-11_vec_mul.cudafe1.cpp , compute_86 , nvcc , 844.1168 , ms
C:/Users/user/Desktop/Git/CUDA/Vector/vec_mul.cu , cl.exe (preprocessing 1) , C:/Users/user/Desktop/Git/CUDA/Vector/vec_mul.cu  , C:/Users/user/AppData/Local/Temp/tmpxft_00003d0c_00000000-16_vec_mul.cpp1.ii , compute_86 , nvcc , 529.5683 , ms
C:/Users/user/Desktop/Git/CUDA/Vector/vec_mul.cu , cicc ,  C:/Users/user/AppData/Local/Temp/tmpxft_00003d0c_00000000-16_vec_mul.cpp1.ii  , C:/Users/user/AppData/Local/Temp/tmpxft_00003d0c_00000000-11_vec_mul.ptx , compute_86 , nvcc , 718.1092 , ms
C:/Users/user/Desktop/Git/CUDA/Vector/vec_mul.cu , ptxas , C:/Users/user/AppData/Local/Temp/tmpxft_00003d0c_00000000-11_vec_mul.ptx  , C:/Users/user/AppData/Local/Temp/tmpxft_00003d0c_00000000-19_vec_mul.cubin , sm_86 , nvcc , 44.9810 , ms
C:/Users/user/Desktop/Git/CUDA/Vector/vec_mul.cu , fatbinary , C:/Users/user/AppData/Local/Temp/tmpxft_00003d0c_00000000-19_vec_mul.cubin  , C:/Users/user/AppData/Local/Temp/tmpxft_00003d0c_00000000-8_vec_mul.fatbin ,  , nvcc , 27.1279 , ms
C:/Users/user/Desktop/Git/CUDA/Vector/vec_mul.cu , cl.exe (compiling) ,   , C:/Users/user/AppData/Local/Temp/tmpxft_00003d0c_00000000-20_vec_mul.obj , compute_86 , nvcc , 771.7539 , ms
C:/Users/user/Desktop/Git/CUDA/common/DS_timer.cpp , cl.exe (compiling) , C:/Users/user/Desktop/Git/CUDA/common/DS_timer.cpp  , C:/Users/user/AppData/Local/Temp/tmpxft_00003d0c_00000000-23_DS_timer.obj ,  , nvcc , 803.5674 , ms
C:/Users/user/Desktop/Git/CUDA/Vector/vec_mul.cu C:/Users/user/Desktop/Git/CUDA/common/DS_timer.cpp  , nvlink , C:/Users/user/AppData/Local/Temp/tmpxft_00003d0c_00000000-20_vec_mul.obj C:/Users/user/AppData/Local/Temp/tmpxft_00003d0c_00000000-23_DS_timer.obj  , C:/Users/user/AppData/Local/Temp/tmpxft_00003d0c_00000000-26_vec_mul_dlink.cubin , sm_86 , nvcc , 35.9713 , ms
C:/Users/user/Desktop/Git/CUDA/Vector/vec_mul.cu C:/Users/user/Desktop/Git/CUDA/common/DS_timer.cpp  , fatbinary , C:/Users/user/AppData/Local/Temp/tmpxft_00003d0c_00000000-26_vec_mul_dlink.cubin  , C:/Users/user/AppData/Local/Temp/tmpxft_00003d0c_00000000-13_vec_mul_dlink.fatbin ,  , nvcc , 23.3433 , ms
C:/Users/user/Desktop/Git/CUDA/Vector/vec_mul.cu C:/Users/user/Desktop/Git/CUDA/common/DS_timer.cpp  , cl.exe (compiling) , C:\Program Files\NVIDIA GPU Computing Toolkit\CUDA\v12.5\bin\crt\link.stub  , C:/Users/user/AppData/Local/Temp/tmpxft_00003d0c_00000000-28_vec_mul_dlink.obj ,  , nvcc , 78.0659 , ms
C:/Users/user/Desktop/Git/CUDA/Vector/vec_mul.cu C:/Users/user/Desktop/Git/CUDA/common/DS_timer.cpp  , cl.exe (linking) , C:/Users/user/AppData/Local/Temp/tmpxft_00003d0c_00000000-28_vec_mul_dlink.obj C:/Users/user/AppData/Local/Temp/tmpxft_00003d0c_00000000-20_vec_mul.obj C:/Users/user/AppData/Local/Temp/tmpxft_00003d0c_00000000-23_DS_timer.obj  , C:/Users/user/Desktop/Git/CUDA/build/vec_mul.exe ,  , nvcc , 146.2103 , ms
 , nvcc (driver) ,  , C:/Users/user/Desktop/Git/CUDA/build/vec_mul.exe ,  , nvcc , 8.0815 , ms
C:/Users/user/Desktop/Git/CUDA/Vector/vec_mul.cu , cl.exe (preprocessing 4) , C:/Users/user/Desktop/Git/CUDA/Vector/vec_mul.cu  , C:/Users/user/AppData/Local/Temp/tmpxft_00006c20_00000000-10_vec_mul.cpp4.ii ,  , nvcc , 531.0961 , ms
C:/Users/user/Desktop/Git/CUDA/Vector/vec_mul.cu , cudafe++ , C:/Users/user/AppData/Local/Temp/tmpxft_00006c20_00000000-10_vec_mul.cpp4.ii  , C:/Users/user/AppData/Local/Temp/tmpxft_00006c20_00000000-11_vec_mul.cudafe1.cpp , compute_86 , nvcc , 888.6355 , ms
C:/Users/user/Desktop/Git/CUDA/Vector/vec_mul.cu , cl.exe (preprocessing 1) , C:/Users/user/Desktop/Git/CUDA/Vector/vec_mul.cu  , C:/Users/user/AppData/Local/Temp/tmpxft_00006c20_00000000-16_vec_mul.cpp1.ii , compute_86 , nvcc , 522.8824 , ms
C:/Users/user/Desktop/Git/CUDA/Vector/vec_mul.cu , cicc ,  C:/Users/user/AppData/Local/Temp/tmpxft_00006c20_00000000-16_vec_mul.cpp1.ii  , C:/Users/user/AppData/Local/Temp/tmpxft_00006c20_00000000-11_vec_mul.ptx , compute_86 , nvcc , 963.3029 , ms
C:/Users/user/Desktop/Git/CUDA/Vector/vec_mul.cu , ptxas , C:/Users/user/AppData/Local/Temp/tmpxft_00006c20_00000000-11_vec_mul.ptx  , C:/Users/user/AppData/Local/Temp/tmpxft_00006c20_00000000-19_vec_mul.cubin , sm_86 , nvcc , 218.6398 , ms
C:/Users/user/Desktop/Git/CUDA/Vector/vec_mul.cu , fatbinary , C:/Users/user/AppData/Local/Temp/tmpxft_00006c20_00000000-19_vec_mul.cubin  , C:/Users/user/AppData/Local/Temp/tmpxft_00006c20_00000000-8_vec_mul.fatbin ,  , nvcc , 41.9470 , ms
C:/Users/user/Desktop/Git/CUDA/Vector/vec_mul.cu , cl.exe (compiling) ,   , C:/Users/user/AppData/Local/Temp/tmpxft_00006c20_00000000-20_vec_mul.obj , compute_86 , nvcc , 906.5456 , ms
C:/Users/user/Desktop/Git/CUDA/common/DS_timer.cpp , cl.exe (compiling) , C:/Users/user/Desktop/Git/CUDA/common/DS_timer.cpp  , C:/Users/user/AppData/Local/Temp/tmpxft_00006c20_00000000-23_DS_timer.obj ,  , nvcc , 847.5036 , ms
C:/Users/user/Desktop/Git/CUDA/Vector/vec_mul.cu C:/Users/user/Desktop/Git/CUDA/common/DS_timer.cpp  , nvlink , C:/Users/user/AppData/Local/Temp/tmpxft_00006c20_00000000-20_vec_mul.obj C:/Users/user/AppData/Local/Temp/tmpxft_00006c20_00000000-23_DS_timer.obj  , C:/Users/user/AppData/Local/Temp/tmpxft_00006c20_00000000-26_vec_mul_dlink.cubin , sm_86 , nvcc , 60.8343 , ms
C:/Users/user/Desktop/Git/CUDA/Vector/vec_mul.cu C:/Users/user/Desktop/Git/CUDA/common/DS_timer.cpp  , fatbinary , C:/Users/user/AppData/Local/Temp/tmpxft_00006c20_00000000-26_vec_mul_dlink.cubin  , C:/Users/user/AppData/Local/Temp/tmpxft_00006c20_00000000-13_vec_mul_dlink.fatbin ,  , nvcc , 23.6771 , ms
C:/Users/user/Desktop/Git/CUDA/Vector/vec_mul.cu C:/Users/user/Desktop/Git/CUDA/common/DS_timer.cpp  , cl.exe (compiling) , C:\Program Files\NVIDIA GPU Computing Toolkit\CUDA\v12.5\bin\crt\link.stub  , C:/Users/user/AppData/Local/Temp/tmpxft_00006c20_00000000-28_vec_mul_dlink.obj ,  , nvcc , 84.5296 , ms
C:/Users/user/Desktop/Git/CUDA/Vector/vec_mul.cu C:/Users/user/Desktop/Git/CUDA/common/DS_timer.cpp  , cl.exe (linking) , C:/Users/user/AppData/Local/Temp/tmpxft_00006c20_00000000-28_vec_mul_dlink.obj C:/Users/user/AppData/Local/Temp/tmpxft_00006c20_00000000-20_vec_mul.obj C:/Users/user/AppData/Local/Temp/tmpxft_00006c20_00000000-23_DS_timer.obj  , C:/Users/user/Desktop/Git/CUDA/build/vec_mul.exe ,  , nvcc , 422.7405 , ms
 , nvcc (driver) ,  , C:/Users/user/Desktop/Git/CUDA/build/vec_mul.exe ,  , nvcc , 10.4585 , ms
C:/Users/user/Desktop/Git/CUDA/Vector/vec_mul_shared.cu , cl.exe (preprocessing 4) , C:/Users/user/Desktop/Git/CUDA/Vector/vec_mul_shared.cu  , C:/Users/user/AppData/Local/Temp/tmpxft_00006e1c_00000000-10_vec_mul_shared.cpp4.ii ,  , nvcc , 489.8589 , ms
C:/Users/user/Desktop/Git/CUDA/Vector/vec_mul_shared.cu , cudafe++ , C:/Users/user/AppData/Local/Temp/tmpxft_00006e1c_00000000-10_vec_mul_shared.cpp4.ii  , C:/Users/user/AppData/Local/Temp/tmpxft_00006e1c_00000000-11_vec_mul_shared.cudafe1.cpp , compute_86 , nvcc , 864.2215 , ms
C:/Users/user/Desktop/Git/CUDA/Vector/vec_mul_shared.cu , cl.exe (preprocessing 1) , C:/Users/user/Desktop/Git/CUDA/Vector/vec_mul_shared.cu  , C:/Users/user/AppData/Local/Temp/tmpxft_00006e1c_00000000-16_vec_mul_shared.cpp1.ii , compute_86 , nvcc , 515.1574 , ms
C:/Users/user/Desktop/Git/CUDA/Vector/vec_mul_shared.cu , cicc ,  C:/Users/user/AppData/Local/Temp/tmpxft_00006e1c_00000000-16_vec_mul_shared.cpp1.ii  , C:/Users/user/AppData/Local/Temp/tmpxft_00006e1c_00000000-11_vec_mul_shared.ptx , compute_86 , nvcc , 773.1440 , ms
C:/Users/user/Desktop/Git/CUDA/Vector/vec_mul_shared.cu , ptxas , C:/Users/user/AppData/Local/Temp/tmpxft_00006e1c_00000000-11_vec_mul_shared.ptx  , C:/Users/user/AppData/Local/Temp/tmpxft_00006e1c_00000000-19_vec_mul_shared.cubin , sm_86 , nvcc , 51.2115 , ms
C:/Users/user/Desktop/Git/CUDA/Vector/vec_mul_shared.cu , fatbinary , C:/Users/user/AppData/Local/Temp/tmpxft_00006e1c_00000000-19_vec_mul_shared.cubin  , C:/Users/user/AppData/Local/Temp/tmpxft_00006e1c_00000000-8_vec_mul_shared.fatbin ,  , nvcc , 28.3647 , ms
C:/Users/user/Desktop/Git/CUDA/Vector/vec_mul_shared.cu , cl.exe (compiling) ,   , C:/Users/user/AppData/Local/Temp/tmpxft_00006e1c_00000000-20_vec_mul_shared.obj , compute_86 , nvcc , 805.6214 , ms
C:/Users/user/Desktop/Git/CUDA/common/DS_timer.cpp , cl.exe (compiling) , C:/Users/user/Desktop/Git/CUDA/common/DS_timer.cpp  , C:/Users/user/AppData/Local/Temp/tmpxft_00006e1c_00000000-23_DS_timer.obj ,  , nvcc , 798.1647 , ms
C:/Users/user/Desktop/Git/CUDA/Vector/vec_mul_shared.cu C:/Users/user/Desktop/Git/CUDA/common/DS_timer.cpp  , nvlink , C:/Users/user/AppData/Local/Temp/tmpxft_00006e1c_00000000-20_vec_mul_shared.obj C:/Users/user/AppData/Local/Temp/tmpxft_00006e1c_00000000-23_DS_timer.obj  , C:/Users/user/AppData/Local/Temp/tmpxft_00006e1c_00000000-26_vec_mul_shared_dlink.cubin , sm_86 , nvcc , 33.8099 , ms
C:/Users/user/Desktop/Git/CUDA/Vector/vec_mul_shared.cu C:/Users/user/Desktop/Git/CUDA/common/DS_timer.cpp  , fatbinary , C:/Users/user/AppData/Local/Temp/tmpxft_00006e1c_00000000-26_vec_mul_shared_dlink.cubin  , C:/Users/user/AppData/Local/Temp/tmpxft_00006e1c_00000000-13_vec_mul_shared_dlink.fatbin ,  , nvcc , 23.1424 , ms
C:/Users/user/Desktop/Git/CUDA/Vector/vec_mul_shared.cu C:/Users/user/Desktop/Git/CUDA/common/DS_timer.cpp  , cl.exe (compiling) , C:\Program Files\NVIDIA GPU Computing Toolkit\CUDA\v12.5\bin\crt\link.stub  , C:/Users/user/AppData/Local/Temp/tmpxft_00006e1c_00000000-28_vec_mul_shared_dlink.obj ,  , nvcc , 77.2063 , ms
C:/Users/user/Desktop/Git/CUDA/Vector/vec_mul_shared.cu C:/Users/user/Desktop/Git/CUDA/common/DS_timer.cpp  , cl.exe (linking) , C:/Users/user/AppData/Local/Temp/tmpxft_00006e1c_00000000-28_vec_mul_shared_dlink.obj C:/Users/user/AppData/Local/Temp/tmpxft_00006e1c_00000000-20_vec_mul_shared.obj C:/Users/user/AppData/Local/Temp/tmpxft_00006e1c_00000000-23_DS_timer.obj  , C:/Users/user/Desktop/Git/CUDA/build/vec_mul_shared.exe ,  , nvcc , 180.8000 , ms
 , nvcc (driver) ,  , C:/Users/user/Desktop/Git/CUDA/build/vec_mul_shared.exe ,  , nvcc , 8.4082 , ms
C:/Users/user/Desktop/Git/CUDA/Vector/vec_mul_shared.cu , cl.exe (preprocessing 4) , C:/Users/user/Desktop/Git/CUDA/Vector/vec_mul_shared.cu  , C:/Users/user/AppData/Local/Temp/tmpxft_000068b8_00000000-10_vec_mul_shared.cpp4.ii ,  , nvcc , 492.6451 , ms
C:/Users/user/Desktop/Git/CUDA/Vector/vec_mul_shared.cu , cudafe++ , C:/Users/user/AppData/Local/Temp/tmpxft_000068b8_00000000-10_vec_mul_shared.cpp4.ii  , C:/Users/user/AppData/Local/Temp/tmpxft_000068b8_00000000-11_vec_mul_shared.cudafe1.cpp , compute_86 , nvcc , 867.5979 , ms
C:/Users/user/Desktop/Git/CUDA/Vector/vec_mul_shared.cu , cl.exe (preprocessing 1) , C:/Users/user/Desktop/Git/CUDA/Vector/vec_mul_shared.cu  , C:/Users/user/AppData/Local/Temp/tmpxft_000068b8_00000000-16_vec_mul_shared.cpp1.ii , compute_86 , nvcc , 519.3951 , ms
C:/Users/user/Desktop/Git/CUDA/Vector/vec_mul_shared.cu , cicc ,  C:/Users/user/AppData/Local/Temp/tmpxft_000068b8_00000000-16_vec_mul_shared.cpp1.ii  , C:/Users/user/AppData/Local/Temp/tmpxft_000068b8_00000000-11_vec_mul_shared.ptx , compute_86 , nvcc , 823.9594 , ms
C:/Users/user/Desktop/Git/CUDA/Vector/vec_mul_shared.cu , ptxas , C:/Users/user/AppData/Local/Temp/tmpxft_000068b8_00000000-11_vec_mul_shared.ptx  , C:/Users/user/AppData/Local/Temp/tmpxft_000068b8_00000000-19_vec_mul_shared.cubin , sm_86 , nvcc , 67.0045 , ms
C:/Users/user/Desktop/Git/CUDA/Vector/vec_mul_shared.cu , fatbinary , C:/Users/user/AppData/Local/Temp/tmpxft_000068b8_00000000-19_vec_mul_shared.cubin  , C:/Users/user/AppData/Local/Temp/tmpxft_000068b8_00000000-8_vec_mul_shared.fatbin ,  , nvcc , 36.7585 , ms
C:/Users/user/Desktop/Git/CUDA/Vector/vec_mul_shared.cu , cl.exe (compiling) ,   , C:/Users/user/AppData/Local/Temp/tmpxft_000068b8_00000000-20_vec_mul_shared.obj , compute_86 , nvcc , 813.5607 , ms
C:/Users/user/Desktop/Git/CUDA/common/DS_timer.cpp , cl.exe (compiling) , C:/Users/user/Desktop/Git/CUDA/common/DS_timer.cpp  , C:/Users/user/AppData/Local/Temp/tmpxft_000068b8_00000000-23_DS_timer.obj ,  , nvcc , 827.4029 , ms
C:/Users/user/Desktop/Git/CUDA/Vector/vec_mul_shared.cu C:/Users/user/Desktop/Git/CUDA/common/DS_timer.cpp  , nvlink , C:/Users/user/AppData/Local/Temp/tmpxft_000068b8_00000000-20_vec_mul_shared.obj C:/Users/user/AppData/Local/Temp/tmpxft_000068b8_00000000-23_DS_timer.obj  , C:/Users/user/AppData/Local/Temp/tmpxft_000068b8_00000000-26_vec_mul_shared_dlink.cubin , sm_86 , nvcc , 36.9338 , ms
C:/Users/user/Desktop/Git/CUDA/Vector/vec_mul_shared.cu C:/Users/user/Desktop/Git/CUDA/common/DS_timer.cpp  , fatbinary , C:/Users/user/AppData/Local/Temp/tmpxft_000068b8_00000000-26_vec_mul_shared_dlink.cubin  , C:/Users/user/AppData/Local/Temp/tmpxft_000068b8_00000000-13_vec_mul_shared_dlink.fatbin ,  , nvcc , 23.3453 , ms
C:/Users/user/Desktop/Git/CUDA/Vector/vec_mul_shared.cu C:/Users/user/Desktop/Git/CUDA/common/DS_timer.cpp  , cl.exe (compiling) , C:\Program Files\NVIDIA GPU Computing Toolkit\CUDA\v12.5\bin\crt\link.stub  , C:/Users/user/AppData/Local/Temp/tmpxft_000068b8_00000000-28_vec_mul_shared_dlink.obj ,  , nvcc , 79.5508 , ms
C:/Users/user/Desktop/Git/CUDA/Vector/vec_mul_shared.cu C:/Users/user/Desktop/Git/CUDA/common/DS_timer.cpp  , cl.exe (linking) , C:/Users/user/AppData/Local/Temp/tmpxft_000068b8_00000000-28_vec_mul_shared_dlink.obj C:/Users/user/AppData/Local/Temp/tmpxft_000068b8_00000000-20_vec_mul_shared.obj C:/Users/user/AppData/Local/Temp/tmpxft_000068b8_00000000-23_DS_timer.obj  , C:/Users/user/Desktop/Git/CUDA/build/vec_mul_shared.exe ,  , nvcc , 174.9480 , ms
 , nvcc (driver) ,  , C:/Users/user/Desktop/Git/CUDA/build/vec_mul_shared.exe ,  , nvcc , 8.7744 , ms
